"game_id","id","strategy","vp_visible","vp_total","settlements","cities","roads","knights","longest_road","largest_army"
1,1,"sheep",4,4,2,0,8,0,TRUE,FALSE
1,2,"balanced",5,5,3,1,6,0,FALSE,FALSE
1,3,"ore_grain",9,10,1,3,8,3,FALSE,TRUE
2,1,"balanced",6,8,0,3,3,0,FALSE,FALSE
2,2,"sheep",9,10,5,1,15,0,TRUE,FALSE
2,3,"ore_grain",5,6,1,2,15,0,FALSE,FALSE
3,1,"sheep",6,6,4,0,10,0,TRUE,FALSE
3,2,"ore_grain",8,10,0,3,9,3,FALSE,TRUE
3,3,"balanced",7,9,5,1,12,0,FALSE,FALSE
4,1,"ore_grain",4,5,2,1,7,0,FALSE,FALSE
4,2,"sheep",2,3,2,0,6,0,FALSE,FALSE
4,3,"balanced",9,10,1,3,10,0,TRUE,FALSE
5,1,"balanced",6,6,0,3,5,0,FALSE,FALSE
5,2,"sheep",4,4,2,0,8,0,TRUE,FALSE
5,3,"ore_grain",9,10,1,4,8,1,FALSE,FALSE
6,1,"ore_grain",6,8,0,3,4,0,FALSE,FALSE
6,2,"balanced",6,9,4,1,10,0,FALSE,FALSE
6,3,"sheep",10,10,2,3,8,0,TRUE,FALSE
7,1,"sheep",5,5,5,0,7,0,FALSE,FALSE
7,2,"balanced",9,10,3,3,8,0,FALSE,FALSE
7,3,"ore_grain",6,6,0,3,4,1,FALSE,FALSE
8,1,"balanced",3,4,3,0,6,0,FALSE,FALSE
8,2,"ore_grain",10,10,2,4,9,0,FALSE,FALSE
8,3,"sheep",7,8,5,0,12,0,TRUE,FALSE
9,1,"balanced",6,10,4,1,15,0,FALSE,FALSE
9,2,"ore_grain",10,10,2,4,8,0,FALSE,FALSE
9,3,"sheep",7,8,5,0,13,0,TRUE,FALSE
10,1,"sheep",7,9,5,0,10,0,TRUE,FALSE
10,2,"ore_grain",3,3,1,1,4,1,FALSE,FALSE
10,3,"balanced",8,10,2,3,8,0,FALSE,FALSE
11,1,"sheep",4,5,2,0,7,0,TRUE,FALSE
11,2,"balanced",6,6,0,3,7,0,FALSE,FALSE
11,3,"ore_grain",8,11,2,2,6,3,FALSE,TRUE
12,1,"balanced",8,8,4,1,15,0,TRUE,FALSE
12,2,"sheep",8,10,2,3,12,0,FALSE,FALSE
12,3,"ore_grain",3,5,3,0,13,2,FALSE,FALSE
13,1,"balanced",8,10,2,3,7,0,FALSE,FALSE
13,2,"ore_grain",7,7,3,2,12,1,FALSE,FALSE
13,3,"sheep",7,8,5,0,11,0,TRUE,FALSE
14,1,"ore_grain",8,10,4,1,10,3,FALSE,TRUE
14,2,"sheep",5,5,3,0,15,0,TRUE,FALSE
14,3,"balanced",9,9,3,3,15,0,FALSE,FALSE
15,1,"ore_grain",7,8,3,1,6,3,FALSE,TRUE
15,2,"sheep",2,4,2,0,11,0,FALSE,FALSE
15,3,"balanced",8,10,4,1,13,0,TRUE,FALSE
16,1,"sheep",2,4,2,0,5,0,FALSE,FALSE
16,2,"ore_grain",4,5,0,2,7,1,FALSE,FALSE
16,3,"balanced",10,10,4,2,10,0,TRUE,FALSE
17,1,"balanced",6,8,4,1,7,0,FALSE,FALSE
17,2,"sheep",7,7,3,2,10,0,FALSE,FALSE
17,3,"ore_grain",9,10,1,3,8,0,TRUE,FALSE
18,1,"balanced",9,10,1,3,10,0,TRUE,FALSE
18,2,"sheep",2,3,2,0,9,0,FALSE,FALSE
18,3,"ore_grain",6,6,2,2,6,0,FALSE,FALSE
19,1,"sheep",2,2,2,0,5,0,FALSE,FALSE
19,2,"balanced",3,4,1,1,4,0,FALSE,FALSE
19,3,"ore_grain",10,10,0,3,6,3,TRUE,TRUE
20,1,"ore_grain",9,10,3,1,10,5,TRUE,TRUE
20,2,"balanced",5,6,5,0,9,0,FALSE,FALSE
20,3,"sheep",3,6,3,0,15,0,FALSE,FALSE
21,1,"sheep",5,5,5,0,15,0,FALSE,FALSE
21,2,"balanced",2,6,2,0,6,0,FALSE,FALSE
21,3,"ore_grain",10,10,0,4,9,1,TRUE,FALSE
22,1,"sheep",5,5,3,0,14,0,TRUE,FALSE
22,2,"ore_grain",4,5,0,2,7,2,FALSE,FALSE
22,3,"balanced",8,10,2,3,10,0,FALSE,FALSE
23,1,"balanced",6,8,2,1,8,0,TRUE,FALSE
23,2,"ore_grain",4,4,4,0,6,1,FALSE,FALSE
23,3,"sheep",8,10,2,3,10,0,FALSE,FALSE
24,1,"balanced",6,10,0,3,10,0,FALSE,FALSE
24,2,"ore_grain",5,5,3,0,9,4,FALSE,TRUE
24,3,"sheep",6,6,0,2,8,0,TRUE,FALSE
25,1,"balanced",8,10,4,2,10,0,FALSE,FALSE
25,2,"sheep",4,4,2,0,12,0,TRUE,FALSE
25,3,"ore_grain",8,8,0,4,6,0,FALSE,FALSE
26,1,"sheep",7,8,5,1,10,0,FALSE,FALSE
26,2,"balanced",7,10,3,2,10,0,FALSE,FALSE
26,3,"ore_grain",9,9,1,3,10,2,TRUE,FALSE
27,1,"ore_grain",7,7,3,1,5,7,FALSE,TRUE
27,2,"sheep",7,9,5,1,9,0,FALSE,FALSE
27,3,"balanced",7,10,1,2,6,0,TRUE,FALSE
28,1,"balanced",2,4,2,0,6,0,FALSE,FALSE
28,2,"sheep",7,8,5,0,7,0,TRUE,FALSE
28,3,"ore_grain",9,10,3,2,11,9,FALSE,TRUE
29,1,"ore_grain",4,4,0,2,8,2,FALSE,FALSE
29,2,"balanced",9,10,5,1,11,0,TRUE,FALSE
29,3,"sheep",3,3,3,0,11,0,FALSE,FALSE
30,1,"ore_grain",8,10,0,4,4,1,FALSE,FALSE
30,2,"sheep",8,8,4,1,12,0,TRUE,FALSE
30,3,"balanced",4,6,0,2,5,0,FALSE,FALSE
31,1,"balanced",2,3,2,0,6,0,FALSE,FALSE
31,2,"sheep",8,10,4,2,12,0,FALSE,FALSE
31,3,"ore_grain",7,7,3,1,13,2,TRUE,FALSE
32,1,"sheep",2,5,2,0,6,0,FALSE,FALSE
32,2,"ore_grain",6,7,4,0,10,1,TRUE,FALSE
32,3,"balanced",9,10,1,4,11,0,FALSE,FALSE
33,1,"sheep",4,5,2,0,10,0,TRUE,FALSE
33,2,"balanced",8,10,0,4,9,0,FALSE,FALSE
33,3,"ore_grain",9,9,1,4,11,1,FALSE,FALSE
34,1,"ore_grain",4,4,4,0,9,1,FALSE,FALSE
34,2,"balanced",10,10,4,2,10,0,TRUE,FALSE
34,3,"sheep",5,6,5,0,8,0,FALSE,FALSE
35,1,"ore_grain",4,5,0,2,5,1,FALSE,FALSE
35,2,"sheep",2,2,2,0,8,0,FALSE,FALSE
35,3,"balanced",11,11,1,4,9,0,TRUE,FALSE
36,1,"balanced",5,8,1,2,9,0,FALSE,FALSE
36,2,"ore_grain",8,8,0,4,8,1,FALSE,FALSE
36,3,"sheep",8,10,2,3,6,0,FALSE,FALSE
37,1,"balanced",5,7,5,0,10,0,FALSE,FALSE
37,2,"ore_grain",4,4,4,0,13,0,FALSE,FALSE
37,3,"sheep",8,10,4,1,15,0,TRUE,FALSE
38,1,"sheep",8,8,2,2,9,0,TRUE,FALSE
38,2,"ore_grain",9,11,1,3,9,3,FALSE,TRUE
38,3,"balanced",3,5,3,0,6,0,FALSE,FALSE
39,1,"sheep",7,7,3,2,10,0,FALSE,FALSE
39,2,"ore_grain",10,10,2,4,9,1,FALSE,FALSE
39,3,"balanced",6,6,4,0,12,0,TRUE,FALSE
40,1,"sheep",8,10,4,1,11,0,TRUE,FALSE
40,2,"ore_grain",5,6,3,1,6,2,FALSE,FALSE
40,3,"balanced",5,5,1,2,12,0,FALSE,FALSE
41,1,"ore_grain",3,4,3,0,8,0,FALSE,FALSE
41,2,"sheep",3,4,3,0,12,0,FALSE,FALSE
41,3,"balanced",9,10,3,2,11,0,TRUE,FALSE
42,1,"balanced",8,10,2,2,13,0,TRUE,FALSE
42,2,"ore_grain",9,9,1,4,10,1,FALSE,FALSE
42,3,"sheep",6,7,0,3,7,0,FALSE,FALSE
43,1,"sheep",6,6,4,0,8,0,TRUE,FALSE
43,2,"balanced",8,10,0,4,6,0,FALSE,FALSE
43,3,"ore_grain",6,8,0,3,6,2,FALSE,FALSE
44,1,"sheep",4,4,4,0,8,0,FALSE,FALSE
44,2,"balanced",6,7,4,0,7,0,TRUE,FALSE
44,3,"ore_grain",8,10,0,3,7,6,FALSE,TRUE
45,1,"sheep",5,5,3,0,6,0,TRUE,FALSE
45,2,"ore_grain",8,10,0,3,7,3,FALSE,TRUE
45,3,"balanced",3,3,3,0,7,0,FALSE,FALSE
46,1,"ore_grain",8,10,0,4,8,0,FALSE,FALSE
46,2,"balanced",7,7,5,1,15,0,FALSE,FALSE
46,3,"sheep",7,8,5,0,13,0,TRUE,FALSE
47,1,"ore_grain",5,6,3,1,9,1,FALSE,FALSE
47,2,"sheep",3,3,3,0,10,0,FALSE,FALSE
47,3,"balanced",9,10,1,3,12,0,TRUE,FALSE
48,1,"sheep",4,4,2,0,10,0,TRUE,FALSE
48,2,"ore_grain",10,10,4,2,10,4,FALSE,TRUE
48,3,"balanced",5,5,3,1,8,0,FALSE,FALSE
49,1,"balanced",9,10,3,3,13,0,FALSE,FALSE
49,2,"sheep",4,7,2,0,7,0,TRUE,FALSE
49,3,"ore_grain",9,10,1,3,7,4,FALSE,TRUE
50,1,"balanced",4,5,0,2,5,0,FALSE,FALSE
50,2,"ore_grain",8,10,0,4,12,0,FALSE,FALSE
50,3,"sheep",9,9,3,2,14,0,TRUE,FALSE
51,1,"ore_grain",9,10,1,3,7,3,FALSE,TRUE
51,2,"sheep",8,9,4,1,11,0,TRUE,FALSE
51,3,"balanced",7,7,3,2,9,0,FALSE,FALSE
52,1,"balanced",8,9,0,3,6,0,TRUE,FALSE
52,2,"ore_grain",9,10,1,3,7,3,FALSE,TRUE
52,3,"sheep",3,6,3,0,9,0,FALSE,FALSE
53,1,"ore_grain",4,7,0,2,3,2,FALSE,FALSE
53,2,"sheep",4,4,2,0,8,0,TRUE,FALSE
53,3,"balanced",9,10,1,4,9,0,FALSE,FALSE
54,1,"balanced",9,10,1,3,9,0,TRUE,FALSE
54,2,"ore_grain",4,4,4,0,6,0,FALSE,FALSE
54,3,"sheep",3,4,3,0,11,0,FALSE,FALSE
55,1,"balanced",5,7,3,1,10,0,FALSE,FALSE
55,2,"ore_grain",10,10,0,4,8,0,TRUE,FALSE
55,3,"sheep",4,4,4,0,10,0,FALSE,FALSE
56,1,"ore_grain",9,10,1,4,11,2,FALSE,FALSE
56,2,"sheep",5,6,5,0,11,0,FALSE,FALSE
56,3,"balanced",9,9,3,2,12,0,TRUE,FALSE
57,1,"balanced",6,6,4,0,8,0,TRUE,FALSE
57,2,"sheep",3,3,3,0,9,0,FALSE,FALSE
57,3,"ore_grain",7,10,1,3,5,1,FALSE,FALSE
58,1,"balanced",9,11,1,3,12,0,TRUE,FALSE
58,2,"sheep",2,3,2,0,10,0,FALSE,FALSE
58,3,"ore_grain",6,7,2,2,15,1,FALSE,FALSE
59,1,"balanced",7,10,5,0,9,0,TRUE,FALSE
59,2,"sheep",5,7,5,0,12,0,FALSE,FALSE
59,3,"ore_grain",8,8,0,4,7,0,FALSE,FALSE
60,1,"balanced",10,12,0,4,9,0,TRUE,FALSE
60,2,"ore_grain",7,7,1,3,11,0,FALSE,FALSE
60,3,"sheep",4,5,2,1,4,0,FALSE,FALSE
61,1,"sheep",3,5,3,0,9,0,FALSE,FALSE
61,2,"ore_grain",10,11,2,2,8,4,TRUE,TRUE
61,3,"balanced",2,4,2,0,8,0,FALSE,FALSE
62,1,"ore_grain",3,3,3,0,9,0,FALSE,FALSE
62,2,"balanced",4,6,2,1,8,0,FALSE,FALSE
62,3,"sheep",9,10,3,2,10,0,TRUE,FALSE
63,1,"ore_grain",2,2,2,0,8,0,FALSE,FALSE
63,2,"sheep",3,3,3,0,6,0,FALSE,FALSE
63,3,"balanced",10,10,4,2,9,0,TRUE,FALSE
64,1,"ore_grain",5,6,3,0,7,0,TRUE,FALSE
64,2,"sheep",5,7,5,0,10,0,FALSE,FALSE
64,3,"balanced",10,10,4,3,13,0,FALSE,FALSE
65,1,"sheep",2,2,2,0,3,0,FALSE,FALSE
65,2,"balanced",10,10,2,3,9,0,TRUE,FALSE
65,3,"ore_grain",2,2,2,0,4,2,FALSE,FALSE
66,1,"ore_grain",4,4,4,0,14,1,FALSE,FALSE
66,2,"sheep",6,9,4,1,8,0,FALSE,FALSE
66,3,"balanced",8,10,0,3,11,0,TRUE,FALSE
67,1,"ore_grain",8,8,2,2,7,3,FALSE,TRUE
67,2,"balanced",9,10,1,4,12,0,FALSE,FALSE
67,3,"sheep",7,8,5,0,11,0,TRUE,FALSE
68,1,"sheep",6,7,2,1,8,0,TRUE,FALSE
68,2,"ore_grain",3,4,3,0,7,1,FALSE,FALSE
68,3,"balanced",8,10,0,4,6,0,FALSE,FALSE
69,1,"sheep",2,4,2,0,6,0,FALSE,FALSE
69,2,"ore_grain",6,7,0,3,9,0,FALSE,FALSE
69,3,"balanced",9,10,1,4,7,0,FALSE,FALSE
70,1,"sheep",3,3,3,0,4,0,FALSE,FALSE
70,2,"ore_grain",7,11,3,1,9,0,TRUE,FALSE
70,3,"balanced",5,5,5,0,7,0,FALSE,FALSE
71,1,"ore_grain",8,10,2,3,10,1,FALSE,FALSE
71,2,"sheep",7,8,5,0,12,0,TRUE,FALSE
71,3,"balanced",6,7,0,3,11,0,FALSE,FALSE
72,1,"ore_grain",8,10,4,2,10,1,FALSE,FALSE
72,2,"sheep",5,5,3,0,15,0,TRUE,FALSE
72,3,"balanced",2,2,2,0,10,0,FALSE,FALSE
73,1,"sheep",5,5,3,0,11,0,TRUE,FALSE
73,2,"balanced",4,4,2,1,3,0,FALSE,FALSE
73,3,"ore_grain",8,10,0,4,5,1,FALSE,FALSE
74,1,"ore_grain",9,10,5,0,15,3,TRUE,TRUE
74,2,"balanced",2,4,2,0,7,0,FALSE,FALSE
74,3,"sheep",6,6,4,1,13,0,FALSE,FALSE
75,1,"balanced",2,4,2,0,4,0,FALSE,FALSE
75,2,"ore_grain",10,10,0,4,8,3,FALSE,TRUE
75,3,"sheep",6,7,4,0,10,0,TRUE,FALSE
76,1,"ore_grain",9,10,1,3,7,4,FALSE,TRUE
76,2,"sheep",4,6,2,0,12,0,TRUE,FALSE
76,3,"balanced",7,8,3,2,11,0,FALSE,FALSE
77,1,"sheep",2,2,2,0,3,0,FALSE,FALSE
77,2,"ore_grain",2,2,2,0,3,0,FALSE,FALSE
77,3,"balanced",10,10,0,4,7,0,TRUE,FALSE
78,1,"sheep",7,9,5,0,15,0,TRUE,FALSE
78,2,"ore_grain",10,11,0,4,8,3,FALSE,TRUE
78,3,"balanced",3,5,3,0,5,0,FALSE,FALSE
79,1,"balanced",5,6,5,0,15,0,FALSE,FALSE
79,2,"ore_grain",10,10,4,2,10,6,FALSE,TRUE
79,3,"sheep",4,4,2,0,13,0,TRUE,FALSE
80,1,"sheep",2,3,2,0,4,0,FALSE,FALSE
80,2,"balanced",8,10,2,2,7,0,TRUE,FALSE
80,3,"ore_grain",6,6,0,2,4,3,FALSE,TRUE
81,1,"ore_grain",6,8,2,2,13,1,FALSE,FALSE
81,2,"sheep",6,6,4,0,14,0,TRUE,FALSE
81,3,"balanced",9,10,1,4,11,0,FALSE,FALSE
82,1,"sheep",2,2,2,0,10,0,FALSE,FALSE
82,2,"balanced",3,5,3,0,10,0,FALSE,FALSE
82,3,"ore_grain",9,10,3,2,13,1,TRUE,FALSE
83,1,"ore_grain",9,10,1,4,9,0,FALSE,FALSE
83,2,"balanced",3,3,3,0,9,0,FALSE,FALSE
83,3,"sheep",7,9,5,0,10,0,TRUE,FALSE
84,1,"ore_grain",10,11,2,3,15,3,FALSE,TRUE
84,2,"sheep",7,8,5,0,15,0,TRUE,FALSE
84,3,"balanced",4,7,4,0,11,0,FALSE,FALSE
85,1,"sheep",5,6,5,0,11,0,FALSE,FALSE
85,2,"ore_grain",8,9,0,3,11,4,FALSE,TRUE
85,3,"balanced",8,11,2,2,14,0,TRUE,FALSE
86,1,"sheep",2,2,2,0,10,0,FALSE,FALSE
86,2,"balanced",10,10,2,3,13,0,TRUE,FALSE
86,3,"ore_grain",9,10,1,3,7,4,FALSE,TRUE
87,1,"sheep",9,10,5,1,9,0,TRUE,FALSE
87,2,"ore_grain",7,8,3,1,11,3,FALSE,TRUE
87,3,"balanced",10,10,2,4,12,0,FALSE,FALSE
88,1,"sheep",6,7,4,0,9,0,TRUE,FALSE
88,2,"ore_grain",7,7,1,2,5,4,FALSE,TRUE
88,3,"balanced",8,10,2,3,10,0,FALSE,FALSE
89,1,"ore_grain",10,10,2,4,10,1,FALSE,FALSE
89,2,"sheep",2,3,2,0,12,0,FALSE,FALSE
89,3,"balanced",7,7,5,0,15,0,TRUE,FALSE
90,1,"ore_grain",2,3,2,0,4,0,FALSE,FALSE
90,2,"sheep",2,2,2,0,7,0,FALSE,FALSE
90,3,"balanced",9,10,5,1,9,0,TRUE,FALSE
91,1,"balanced",3,3,3,0,5,0,FALSE,FALSE
91,2,"sheep",7,8,5,0,9,0,TRUE,FALSE
91,3,"ore_grain",7,10,1,2,9,3,FALSE,TRUE
92,1,"sheep",2,3,2,0,7,0,FALSE,FALSE
92,2,"ore_grain",6,6,2,1,12,2,TRUE,FALSE
92,3,"balanced",6,10,4,1,9,0,FALSE,FALSE
93,1,"balanced",3,3,1,1,6,0,FALSE,FALSE
93,2,"ore_grain",5,5,3,0,6,4,FALSE,TRUE
93,3,"sheep",9,10,5,1,12,0,TRUE,FALSE
94,1,"sheep",6,6,4,0,14,0,TRUE,FALSE
94,2,"ore_grain",5,6,3,0,9,3,FALSE,TRUE
94,3,"balanced",8,10,0,4,7,0,FALSE,FALSE
95,1,"balanced",4,4,4,0,6,0,FALSE,FALSE
95,2,"sheep",5,7,3,0,7,0,TRUE,FALSE
95,3,"ore_grain",10,10,0,4,8,4,FALSE,TRUE
96,1,"balanced",7,8,5,0,10,0,TRUE,FALSE
96,2,"ore_grain",9,10,1,4,9,1,FALSE,FALSE
96,3,"sheep",6,8,4,1,9,0,FALSE,FALSE
97,1,"sheep",3,4,3,0,7,0,FALSE,FALSE
97,2,"ore_grain",7,8,3,1,8,5,FALSE,TRUE
97,3,"balanced",9,10,3,2,8,0,TRUE,FALSE
98,1,"ore_grain",8,8,0,3,11,0,TRUE,FALSE
98,2,"balanced",6,10,0,3,8,0,FALSE,FALSE
98,3,"sheep",4,5,4,0,9,0,FALSE,FALSE
99,1,"balanced",8,10,2,3,9,0,FALSE,FALSE
99,2,"ore_grain",9,10,1,3,8,4,FALSE,TRUE
99,3,"sheep",6,6,2,1,15,0,TRUE,FALSE
100,1,"sheep",2,3,2,0,7,0,FALSE,FALSE
100,2,"balanced",9,10,5,1,10,0,TRUE,FALSE
100,3,"ore_grain",2,2,2,0,13,0,FALSE,FALSE
101,1,"sheep",2,2,2,0,4,0,FALSE,FALSE
101,2,"ore_grain",10,10,2,3,8,1,TRUE,FALSE
101,3,"balanced",3,3,3,0,5,0,FALSE,FALSE
102,1,"sheep",9,10,3,2,12,0,TRUE,FALSE
102,2,"balanced",7,8,3,2,9,0,FALSE,FALSE
102,3,"ore_grain",4,4,0,2,7,1,FALSE,FALSE
103,1,"ore_grain",10,10,0,4,8,2,TRUE,FALSE
103,2,"balanced",7,8,1,3,10,0,FALSE,FALSE
103,3,"sheep",4,4,4,0,11,0,FALSE,FALSE
104,1,"sheep",2,2,2,0,6,0,FALSE,FALSE
104,2,"ore_grain",4,5,2,1,10,0,FALSE,FALSE
104,3,"balanced",10,10,4,2,12,0,TRUE,FALSE
105,1,"balanced",6,10,0,3,5,0,FALSE,FALSE
105,2,"sheep",4,4,2,0,10,0,TRUE,FALSE
105,3,"ore_grain",5,5,1,2,10,0,FALSE,FALSE
106,1,"ore_grain",7,9,1,3,7,1,FALSE,FALSE
106,2,"sheep",7,10,3,2,11,0,FALSE,FALSE
106,3,"balanced",7,7,5,0,10,0,TRUE,FALSE
107,1,"balanced",6,8,4,1,15,0,FALSE,FALSE
107,2,"sheep",4,4,2,0,14,0,TRUE,FALSE
107,3,"ore_grain",7,10,1,3,15,1,FALSE,FALSE
108,1,"ore_grain",7,9,3,1,15,2,TRUE,FALSE
108,2,"balanced",5,5,3,1,14,0,FALSE,FALSE
108,3,"sheep",7,10,3,2,9,0,FALSE,FALSE
109,1,"balanced",8,10,4,1,9,0,TRUE,FALSE
109,2,"ore_grain",3,4,3,0,5,0,FALSE,FALSE
109,3,"sheep",2,2,2,0,11,0,FALSE,FALSE
110,1,"balanced",9,10,3,3,10,0,FALSE,FALSE
110,2,"sheep",4,4,2,0,14,0,TRUE,FALSE
110,3,"ore_grain",3,5,3,0,10,0,FALSE,FALSE
111,1,"ore_grain",9,9,1,4,7,1,FALSE,FALSE
111,2,"sheep",7,8,5,0,15,0,TRUE,FALSE
111,3,"balanced",9,10,3,3,15,0,FALSE,FALSE
112,1,"ore_grain",7,8,3,1,6,7,FALSE,TRUE
112,2,"balanced",9,10,5,1,10,0,TRUE,FALSE
112,3,"sheep",5,6,5,0,10,0,FALSE,FALSE
113,1,"balanced",6,6,0,3,5,0,FALSE,FALSE
113,2,"sheep",5,6,3,0,9,0,TRUE,FALSE
113,3,"ore_grain",8,10,0,3,4,4,FALSE,TRUE
114,1,"balanced",3,4,3,0,7,0,FALSE,FALSE
114,2,"sheep",4,5,4,0,10,0,FALSE,FALSE
114,3,"ore_grain",8,10,2,2,7,0,TRUE,FALSE
115,1,"sheep",3,3,3,0,10,0,FALSE,FALSE
115,2,"ore_grain",2,2,2,0,7,0,FALSE,FALSE
115,3,"balanced",8,10,4,1,9,0,TRUE,FALSE
116,1,"ore_grain",8,8,0,4,9,1,FALSE,FALSE
116,2,"balanced",8,10,0,3,7,0,TRUE,FALSE
116,3,"sheep",5,7,5,0,9,0,FALSE,FALSE
117,1,"sheep",6,7,4,0,12,0,TRUE,FALSE
117,2,"balanced",8,10,2,3,10,0,FALSE,FALSE
117,3,"ore_grain",10,10,2,3,11,3,FALSE,TRUE
118,1,"sheep",4,5,4,0,10,0,FALSE,FALSE
118,2,"balanced",5,5,3,0,7,0,TRUE,FALSE
118,3,"ore_grain",9,10,1,4,8,1,FALSE,FALSE
119,1,"balanced",2,3,2,0,7,0,FALSE,FALSE
119,2,"ore_grain",10,10,2,4,15,1,FALSE,FALSE
119,3,"sheep",7,8,5,0,9,0,TRUE,FALSE
120,1,"balanced",8,10,4,2,12,0,FALSE,FALSE
120,2,"sheep",7,8,5,0,14,0,TRUE,FALSE
120,3,"ore_grain",4,4,4,0,7,1,FALSE,FALSE
121,1,"sheep",6,6,4,0,15,0,TRUE,FALSE
121,2,"ore_grain",10,10,0,4,10,4,FALSE,TRUE
121,3,"balanced",7,7,5,1,13,0,FALSE,FALSE
122,1,"sheep",2,2,2,0,5,0,FALSE,FALSE
122,2,"ore_grain",8,10,4,1,11,5,FALSE,TRUE
122,3,"balanced",7,7,5,0,13,0,TRUE,FALSE
123,1,"sheep",2,2,2,0,6,0,FALSE,FALSE
123,2,"balanced",2,2,2,0,6,0,FALSE,FALSE
123,3,"ore_grain",10,11,0,3,6,3,TRUE,TRUE
124,1,"sheep",3,5,3,0,11,0,FALSE,FALSE
124,2,"ore_grain",8,10,4,1,10,1,TRUE,FALSE
124,3,"balanced",8,9,0,4,6,0,FALSE,FALSE
125,1,"ore_grain",7,9,3,1,10,3,FALSE,TRUE
125,2,"sheep",10,10,0,4,9,0,TRUE,FALSE
125,3,"balanced",5,8,5,0,12,0,FALSE,FALSE
126,1,"ore_grain",8,10,0,4,6,0,FALSE,FALSE
126,2,"sheep",5,6,5,0,15,0,FALSE,FALSE
126,3,"balanced",6,7,4,0,11,0,TRUE,FALSE
127,1,"sheep",2,3,2,0,10,0,FALSE,FALSE
127,2,"ore_grain",5,5,3,0,10,3,FALSE,TRUE
127,3,"balanced",9,10,5,1,15,0,TRUE,FALSE
128,1,"sheep",3,3,3,0,5,0,FALSE,FALSE
128,2,"balanced",2,2,2,0,3,0,FALSE,FALSE
128,3,"ore_grain",9,10,1,3,5,3,FALSE,TRUE
129,1,"sheep",2,2,2,0,6,0,FALSE,FALSE
129,2,"ore_grain",4,5,4,0,5,0,FALSE,FALSE
129,3,"balanced",10,10,4,2,9,0,TRUE,FALSE
130,1,"balanced",5,6,3,1,8,0,FALSE,FALSE
130,2,"ore_grain",8,10,0,4,6,1,FALSE,FALSE
130,3,"sheep",6,6,4,0,13,0,TRUE,FALSE
131,1,"ore_grain",8,8,2,2,6,3,FALSE,TRUE
131,2,"balanced",8,11,0,4,6,0,FALSE,FALSE
131,3,"sheep",6,6,4,0,8,0,TRUE,FALSE
132,1,"sheep",9,10,1,4,9,0,FALSE,FALSE
132,2,"ore_grain",7,7,3,1,11,1,TRUE,FALSE
132,3,"balanced",4,4,4,0,8,0,FALSE,FALSE
133,1,"balanced",5,10,1,2,5,0,FALSE,FALSE
133,2,"ore_grain",6,6,0,3,5,0,FALSE,FALSE
133,3,"sheep",6,6,4,0,10,0,TRUE,FALSE
134,1,"ore_grain",6,7,0,3,6,1,FALSE,FALSE
134,2,"sheep",7,7,5,0,15,0,TRUE,FALSE
134,3,"balanced",8,10,2,3,10,0,FALSE,FALSE
135,1,"ore_grain",5,5,3,0,7,1,TRUE,FALSE
135,2,"sheep",5,7,1,2,5,0,FALSE,FALSE
135,3,"balanced",9,10,1,4,7,0,FALSE,FALSE
136,1,"balanced",9,10,1,4,9,0,FALSE,FALSE
136,2,"sheep",6,6,4,0,9,0,TRUE,FALSE
136,3,"ore_grain",2,2,2,0,8,0,FALSE,FALSE
137,1,"sheep",4,5,2,0,10,0,TRUE,FALSE
137,2,"ore_grain",3,3,3,0,8,1,FALSE,FALSE
137,3,"balanced",10,11,2,4,8,0,FALSE,FALSE
138,1,"sheep",3,3,3,0,9,0,FALSE,FALSE
138,2,"balanced",11,11,1,4,10,0,TRUE,FALSE
138,3,"ore_grain",6,8,4,0,6,4,FALSE,TRUE
139,1,"balanced",4,5,4,0,4,0,FALSE,FALSE
139,2,"ore_grain",10,11,0,4,7,3,FALSE,TRUE
139,3,"sheep",4,5,4,0,5,0,FALSE,FALSE
140,1,"balanced",3,5,3,0,5,0,FALSE,FALSE
140,2,"ore_grain",9,10,1,3,7,3,FALSE,TRUE
140,3,"sheep",7,7,5,0,15,0,TRUE,FALSE
141,1,"sheep",7,9,5,0,15,0,TRUE,FALSE
141,2,"ore_grain",9,10,5,1,15,5,FALSE,TRUE
141,3,"balanced",3,5,1,1,6,0,FALSE,FALSE
142,1,"ore_grain",10,10,0,4,7,1,TRUE,FALSE
142,2,"sheep",2,2,2,0,10,0,FALSE,FALSE
142,3,"balanced",5,6,5,0,9,0,FALSE,FALSE
143,1,"balanced",8,10,0,3,11,0,TRUE,FALSE
143,2,"ore_grain",7,8,1,3,7,2,FALSE,FALSE
143,3,"sheep",3,4,3,0,8,0,FALSE,FALSE
144,1,"sheep",3,3,3,0,4,0,FALSE,FALSE
144,2,"ore_grain",10,10,0,4,7,6,FALSE,TRUE
144,3,"balanced",5,6,3,1,9,0,FALSE,FALSE
145,1,"sheep",2,2,2,0,9,0,FALSE,FALSE
145,2,"balanced",4,7,0,2,6,0,FALSE,FALSE
145,3,"ore_grain",9,10,1,3,11,1,TRUE,FALSE
146,1,"ore_grain",2,2,2,0,3,0,FALSE,FALSE
146,2,"sheep",3,3,3,0,6,0,FALSE,FALSE
146,3,"balanced",8,10,4,1,8,0,TRUE,FALSE
147,1,"ore_grain",3,3,3,0,9,2,FALSE,FALSE
147,2,"sheep",7,7,5,0,11,0,TRUE,FALSE
147,3,"balanced",8,10,0,4,6,0,FALSE,FALSE
148,1,"ore_grain",8,8,0,4,13,1,FALSE,FALSE
148,2,"balanced",6,10,2,2,10,0,FALSE,FALSE
148,3,"sheep",7,8,5,0,12,0,TRUE,FALSE
149,1,"sheep",10,10,4,2,12,0,TRUE,FALSE
149,2,"ore_grain",5,7,3,1,7,1,FALSE,FALSE
149,3,"balanced",8,10,0,4,8,0,FALSE,FALSE
150,1,"ore_grain",6,8,4,0,9,3,FALSE,TRUE
150,2,"sheep",8,10,4,2,11,0,FALSE,FALSE
150,3,"balanced",8,9,4,1,10,0,TRUE,FALSE
151,1,"balanced",10,10,2,3,11,0,TRUE,FALSE
151,2,"ore_grain",6,6,0,3,8,0,FALSE,FALSE
151,3,"sheep",4,4,4,0,10,0,FALSE,FALSE
152,1,"ore_grain",9,10,1,4,13,1,FALSE,FALSE
152,2,"sheep",5,6,1,1,14,0,TRUE,FALSE
152,3,"balanced",7,9,1,3,15,0,FALSE,FALSE
153,1,"ore_grain",6,6,0,3,3,2,FALSE,FALSE
153,2,"balanced",9,10,1,3,7,0,TRUE,FALSE
153,3,"sheep",5,6,5,0,9,0,FALSE,FALSE
154,1,"ore_grain",3,4,3,0,5,0,FALSE,FALSE
154,2,"sheep",2,2,2,0,5,0,FALSE,FALSE
154,3,"balanced",9,10,3,2,8,0,TRUE,FALSE
155,1,"balanced",9,9,5,2,11,0,FALSE,FALSE
155,2,"sheep",5,10,3,1,5,0,FALSE,FALSE
155,3,"ore_grain",5,5,3,0,11,0,TRUE,FALSE
156,1,"balanced",8,11,0,3,14,0,TRUE,FALSE
156,2,"sheep",5,5,3,1,9,0,FALSE,FALSE
156,3,"ore_grain",3,3,3,0,12,0,FALSE,FALSE
157,1,"ore_grain",6,6,0,2,7,3,FALSE,TRUE
157,2,"sheep",7,8,5,0,10,0,TRUE,FALSE
157,3,"balanced",8,10,2,3,8,0,FALSE,FALSE
158,1,"balanced",5,6,3,1,7,0,FALSE,FALSE
158,2,"ore_grain",10,10,2,3,6,3,FALSE,TRUE
158,3,"sheep",5,5,3,0,14,0,TRUE,FALSE
159,1,"balanced",2,2,2,0,4,0,FALSE,FALSE
159,2,"ore_grain",9,10,1,4,8,1,FALSE,FALSE
159,3,"sheep",4,4,2,0,9,0,TRUE,FALSE
160,1,"ore_grain",10,10,0,4,7,3,FALSE,TRUE
160,2,"sheep",4,5,4,0,6,0,FALSE,FALSE
160,3,"balanced",5,6,3,0,7,0,TRUE,FALSE
161,1,"sheep",2,2,2,0,7,0,FALSE,FALSE
161,2,"balanced",9,10,1,3,8,0,TRUE,FALSE
161,3,"ore_grain",6,6,0,3,11,2,FALSE,FALSE
162,1,"sheep",6,6,4,0,9,0,TRUE,FALSE
162,2,"balanced",7,8,1,3,7,0,FALSE,FALSE
162,3,"ore_grain",8,10,0,3,8,5,FALSE,TRUE
163,1,"ore_grain",6,6,0,3,5,0,FALSE,FALSE
163,2,"sheep",7,10,5,0,8,0,TRUE,FALSE
163,3,"balanced",4,4,0,2,3,0,FALSE,FALSE
164,1,"sheep",5,7,5,0,10,0,FALSE,FALSE
164,2,"balanced",9,11,1,3,10,0,TRUE,FALSE
164,3,"ore_grain",8,8,2,2,6,3,FALSE,TRUE
165,1,"ore_grain",9,10,5,0,15,5,TRUE,TRUE
165,2,"balanced",3,4,3,0,12,0,FALSE,FALSE
165,3,"sheep",4,6,4,0,8,0,FALSE,FALSE
166,1,"ore_grain",4,4,0,2,4,2,FALSE,FALSE
166,2,"sheep",2,2,2,0,9,0,FALSE,FALSE
166,3,"balanced",8,10,0,4,6,0,FALSE,FALSE
167,1,"sheep",4,4,4,0,7,0,FALSE,FALSE
167,2,"ore_grain",6,7,4,0,8,1,TRUE,FALSE
167,3,"balanced",9,10,1,4,9,0,FALSE,FALSE
168,1,"sheep",2,4,2,0,7,0,FALSE,FALSE
168,2,"balanced",4,5,0,2,7,0,FALSE,FALSE
168,3,"ore_grain",8,10,4,1,10,0,TRUE,FALSE
169,1,"ore_grain",9,10,1,4,13,1,FALSE,FALSE
169,2,"balanced",5,6,5,0,12,0,FALSE,FALSE
169,3,"sheep",4,7,2,0,10,0,TRUE,FALSE
170,1,"ore_grain",2,2,2,0,6,2,FALSE,FALSE
170,2,"sheep",9,10,3,2,9,0,TRUE,FALSE
170,3,"balanced",6,9,0,3,3,0,FALSE,FALSE
171,1,"balanced",5,6,3,1,8,0,FALSE,FALSE
171,2,"ore_grain",8,11,4,1,10,1,TRUE,FALSE
171,3,"sheep",7,8,3,2,9,0,FALSE,FALSE
172,1,"sheep",3,4,3,0,5,0,FALSE,FALSE
172,2,"balanced",8,11,2,2,7,0,TRUE,FALSE
172,3,"ore_grain",3,4,3,0,6,1,FALSE,FALSE
173,1,"balanced",2,3,2,0,4,0,FALSE,FALSE
173,2,"sheep",2,3,2,0,9,0,FALSE,FALSE
173,3,"ore_grain",11,11,1,3,7,3,TRUE,TRUE
174,1,"sheep",4,4,2,0,9,0,TRUE,FALSE
174,2,"ore_grain",9,10,3,2,9,4,FALSE,TRUE
174,3,"balanced",2,2,2,0,8,0,FALSE,FALSE
175,1,"sheep",4,5,2,0,14,0,TRUE,FALSE
175,2,"ore_grain",7,8,3,1,9,4,FALSE,TRUE
175,3,"balanced",9,10,5,2,10,0,FALSE,FALSE
176,1,"balanced",5,10,1,2,4,0,FALSE,FALSE
176,2,"ore_grain",5,5,1,2,6,2,FALSE,FALSE
176,3,"sheep",2,2,2,0,11,0,FALSE,FALSE
177,1,"sheep",3,5,3,0,6,0,FALSE,FALSE
177,2,"balanced",5,7,5,0,8,0,FALSE,FALSE
177,3,"ore_grain",10,10,2,3,12,0,TRUE,FALSE
178,1,"balanced",8,9,4,2,12,0,FALSE,FALSE
178,2,"sheep",7,8,5,0,9,0,TRUE,FALSE
178,3,"ore_grain",9,10,1,3,5,5,FALSE,TRUE
179,1,"balanced",10,12,4,2,12,0,TRUE,FALSE
179,2,"ore_grain",6,8,4,0,8,4,FALSE,TRUE
179,3,"sheep",2,2,2,0,11,0,FALSE,FALSE
180,1,"balanced",8,9,4,2,12,0,FALSE,FALSE
180,2,"sheep",2,2,2,0,10,0,FALSE,FALSE
180,3,"ore_grain",10,10,0,3,8,3,TRUE,TRUE
181,1,"ore_grain",10,10,0,4,7,3,FALSE,TRUE
181,2,"sheep",4,5,2,0,9,0,TRUE,FALSE
181,3,"balanced",6,8,0,3,4,0,FALSE,FALSE
182,1,"balanced",8,10,0,4,5,0,FALSE,FALSE
182,2,"sheep",4,5,2,0,10,0,TRUE,FALSE
182,3,"ore_grain",3,3,3,0,8,1,FALSE,FALSE
183,1,"ore_grain",5,5,1,2,4,1,FALSE,FALSE
183,2,"sheep",6,6,4,0,9,0,TRUE,FALSE
183,3,"balanced",8,10,2,3,10,0,FALSE,FALSE
184,1,"ore_grain",11,11,1,4,12,3,FALSE,TRUE
184,2,"sheep",4,6,2,0,15,0,TRUE,FALSE
184,3,"balanced",8,9,0,4,9,0,FALSE,FALSE
185,1,"ore_grain",6,7,4,0,9,1,TRUE,FALSE
185,2,"balanced",6,9,4,1,9,0,FALSE,FALSE
185,3,"sheep",9,10,1,4,9,0,FALSE,FALSE
186,1,"balanced",5,5,1,2,6,0,FALSE,FALSE
186,2,"sheep",9,10,3,2,10,0,TRUE,FALSE
186,3,"ore_grain",3,3,3,0,6,1,FALSE,FALSE
187,1,"sheep",4,4,2,0,7,0,TRUE,FALSE
187,2,"ore_grain",8,8,0,4,7,0,FALSE,FALSE
187,3,"balanced",9,10,1,4,8,0,FALSE,FALSE
188,1,"balanced",4,4,4,0,9,0,FALSE,FALSE
188,2,"sheep",5,5,3,0,8,0,TRUE,FALSE
188,3,"ore_grain",9,10,1,3,6,3,FALSE,TRUE
189,1,"sheep",2,3,2,0,10,0,FALSE,FALSE
189,2,"balanced",4,6,4,0,9,0,FALSE,FALSE
189,3,"ore_grain",10,10,2,3,10,1,TRUE,FALSE
190,1,"sheep",4,4,2,0,11,0,TRUE,FALSE
190,2,"balanced",2,2,2,0,5,0,FALSE,FALSE
190,3,"ore_grain",9,11,1,3,4,3,FALSE,TRUE
191,1,"balanced",5,6,1,2,6,0,FALSE,FALSE
191,2,"sheep",8,10,0,3,7,0,TRUE,FALSE
191,3,"ore_grain",7,9,5,0,6,3,FALSE,TRUE
192,1,"ore_grain",9,10,3,2,11,4,FALSE,TRUE
192,2,"sheep",5,7,3,0,12,0,TRUE,FALSE
192,3,"balanced",7,8,3,2,15,0,FALSE,FALSE
193,1,"balanced",8,10,4,2,11,0,FALSE,FALSE
193,2,"ore_grain",6,9,4,0,11,8,FALSE,TRUE
193,3,"sheep",7,7,5,0,15,0,TRUE,FALSE
194,1,"balanced",5,5,3,1,5,0,FALSE,FALSE
194,2,"ore_grain",7,7,3,1,8,4,FALSE,TRUE
194,3,"sheep",9,10,5,1,9,0,TRUE,FALSE
195,1,"balanced",8,10,2,2,6,0,TRUE,FALSE
195,2,"ore_grain",8,9,0,4,7,0,FALSE,FALSE
195,3,"sheep",3,3,3,0,6,0,FALSE,FALSE
196,1,"balanced",7,7,5,0,10,0,TRUE,FALSE
196,2,"sheep",5,7,5,0,12,0,FALSE,FALSE
196,3,"ore_grain",9,10,5,1,12,4,FALSE,TRUE
197,1,"ore_grain",8,10,4,1,12,3,FALSE,TRUE
197,2,"balanced",7,8,1,3,8,0,FALSE,FALSE
197,3,"sheep",7,9,3,1,9,0,TRUE,FALSE
198,1,"ore_grain",4,6,4,0,7,1,FALSE,FALSE
198,2,"balanced",9,10,5,1,9,0,TRUE,FALSE
198,3,"sheep",5,5,5,0,15,0,FALSE,FALSE
199,1,"sheep",4,5,2,0,15,0,TRUE,FALSE
199,2,"ore_grain",7,8,1,3,14,0,FALSE,FALSE
199,3,"balanced",8,10,4,2,11,0,FALSE,FALSE
200,1,"balanced",3,4,1,1,8,0,FALSE,FALSE
200,2,"sheep",7,10,5,0,15,0,TRUE,FALSE
200,3,"ore_grain",9,10,5,1,14,8,FALSE,TRUE
201,1,"ore_grain",4,5,0,2,5,1,FALSE,FALSE
201,2,"balanced",6,10,0,3,7,0,FALSE,FALSE
201,3,"sheep",7,7,5,0,10,0,TRUE,FALSE
202,1,"ore_grain",5,8,1,2,7,0,FALSE,FALSE
202,2,"balanced",10,10,2,3,11,0,TRUE,FALSE
202,3,"sheep",7,8,3,2,14,0,FALSE,FALSE
203,1,"sheep",3,4,3,0,10,0,FALSE,FALSE
203,2,"ore_grain",9,10,1,3,8,1,TRUE,FALSE
203,3,"balanced",5,8,5,0,13,0,FALSE,FALSE
204,1,"ore_grain",10,10,0,4,8,3,FALSE,TRUE
204,2,"balanced",5,8,5,0,9,0,FALSE,FALSE
204,3,"sheep",6,7,0,2,12,0,TRUE,FALSE
205,1,"balanced",9,10,1,4,9,0,FALSE,FALSE
205,2,"ore_grain",6,6,0,3,5,1,FALSE,FALSE
205,3,"sheep",7,9,5,0,9,0,TRUE,FALSE
206,1,"ore_grain",4,4,4,0,8,1,FALSE,FALSE
206,2,"balanced",7,10,5,0,9,0,TRUE,FALSE
206,3,"sheep",6,7,4,1,13,0,FALSE,FALSE
207,1,"balanced",7,7,5,1,10,0,FALSE,FALSE
207,2,"ore_grain",10,11,2,4,10,0,FALSE,FALSE
207,3,"sheep",7,8,5,0,11,0,TRUE,FALSE
208,1,"ore_grain",9,10,1,3,8,3,FALSE,TRUE
208,2,"balanced",6,8,4,1,13,0,FALSE,FALSE
208,3,"sheep",8,8,4,1,12,0,TRUE,FALSE
209,1,"sheep",4,7,2,0,6,0,TRUE,FALSE
209,2,"ore_grain",5,5,1,2,5,1,FALSE,FALSE
209,3,"balanced",9,10,3,3,12,0,FALSE,FALSE
210,1,"balanced",10,10,0,4,9,0,TRUE,FALSE
210,2,"sheep",2,3,2,0,5,0,FALSE,FALSE
210,3,"ore_grain",5,6,1,2,8,0,FALSE,FALSE
211,1,"sheep",5,7,3,0,10,0,TRUE,FALSE
211,2,"balanced",4,5,0,2,7,0,FALSE,FALSE
211,3,"ore_grain",9,10,1,3,5,4,FALSE,TRUE
212,1,"sheep",2,2,2,0,6,0,FALSE,FALSE
212,2,"ore_grain",8,10,0,4,8,1,FALSE,FALSE
212,3,"balanced",6,6,0,3,7,0,FALSE,FALSE
213,1,"ore_grain",7,10,1,3,7,1,FALSE,FALSE
213,2,"balanced",6,8,2,2,5,0,FALSE,FALSE
213,3,"sheep",5,5,3,0,9,0,TRUE,FALSE
214,1,"balanced",3,3,3,0,4,0,FALSE,FALSE
214,2,"sheep",4,5,0,2,4,0,FALSE,FALSE
214,3,"ore_grain",9,10,1,3,6,0,TRUE,FALSE
215,1,"ore_grain",3,5,1,1,6,0,FALSE,FALSE
215,2,"sheep",5,7,5,0,9,0,FALSE,FALSE
215,3,"balanced",9,10,1,3,8,0,TRUE,FALSE
216,1,"balanced",4,6,2,1,8,0,FALSE,FALSE
216,2,"sheep",5,6,3,0,12,0,TRUE,FALSE
216,3,"ore_grain",10,10,2,4,9,2,FALSE,FALSE
217,1,"balanced",8,10,2,3,6,0,FALSE,FALSE
217,2,"sheep",5,6,1,2,8,0,FALSE,FALSE
217,3,"ore_grain",7,7,1,2,12,0,TRUE,FALSE
218,1,"sheep",5,5,5,0,10,0,FALSE,FALSE
218,2,"ore_grain",8,10,2,1,12,5,TRUE,TRUE
218,3,"balanced",6,7,4,1,12,0,FALSE,FALSE
219,1,"sheep",2,2,2,0,9,0,FALSE,FALSE
219,2,"ore_grain",10,11,0,4,6,3,FALSE,TRUE
219,3,"balanced",3,4,1,1,3,0,FALSE,FALSE
220,1,"ore_grain",6,6,2,2,7,2,FALSE,FALSE
220,2,"sheep",3,4,3,0,12,0,FALSE,FALSE
220,3,"balanced",11,12,1,4,8,0,TRUE,FALSE
221,1,"sheep",6,7,4,0,10,0,TRUE,FALSE
221,2,"ore_grain",6,6,4,0,6,4,FALSE,TRUE
221,3,"balanced",6,10,0,3,10,0,FALSE,FALSE
222,1,"ore_grain",7,10,1,3,6,0,FALSE,FALSE
222,2,"sheep",4,5,4,0,9,0,FALSE,FALSE
222,3,"balanced",7,8,5,0,8,0,TRUE,FALSE
223,1,"balanced",4,6,2,1,4,0,FALSE,FALSE
223,2,"ore_grain",10,10,2,2,8,3,TRUE,TRUE
223,3,"sheep",3,3,3,0,6,0,FALSE,FALSE
224,1,"ore_grain",5,5,1,2,4,0,FALSE,FALSE
224,2,"sheep",2,3,2,0,4,0,FALSE,FALSE
224,3,"balanced",6,10,2,1,6,0,TRUE,FALSE
225,1,"sheep",2,4,2,0,2,0,FALSE,FALSE
225,2,"balanced",10,10,2,3,8,0,TRUE,FALSE
225,3,"ore_grain",2,3,2,0,5,2,FALSE,FALSE
226,1,"sheep",6,6,4,0,8,0,TRUE,FALSE
226,2,"ore_grain",9,10,1,4,10,1,FALSE,FALSE
226,3,"balanced",9,9,3,3,14,0,FALSE,FALSE
227,1,"ore_grain",5,7,3,0,7,4,FALSE,TRUE
227,2,"sheep",4,4,4,0,10,0,FALSE,FALSE
227,3,"balanced",9,10,3,2,12,0,TRUE,FALSE
228,1,"balanced",2,2,2,0,3,0,FALSE,FALSE
228,2,"sheep",3,4,3,0,4,0,FALSE,FALSE
228,3,"ore_grain",10,11,0,4,8,1,TRUE,FALSE
229,1,"balanced",8,8,4,1,11,0,TRUE,FALSE
229,2,"sheep",4,6,4,0,8,0,FALSE,FALSE
229,3,"ore_grain",9,10,1,3,7,4,FALSE,TRUE
230,1,"balanced",7,8,3,2,7,0,FALSE,FALSE
230,2,"ore_grain",8,9,0,4,6,2,FALSE,FALSE
230,3,"sheep",10,10,4,2,15,0,TRUE,FALSE
231,1,"sheep",2,4,2,0,12,0,FALSE,FALSE
231,2,"balanced",8,10,2,3,12,0,FALSE,FALSE
231,3,"ore_grain",9,10,3,2,9,0,TRUE,FALSE
232,1,"sheep",3,3,3,0,6,0,FALSE,FALSE
232,2,"ore_grain",7,10,3,0,7,3,TRUE,TRUE
232,3,"balanced",2,2,2,0,4,0,FALSE,FALSE
233,1,"sheep",4,4,4,0,10,0,FALSE,FALSE
233,2,"ore_grain",7,10,3,2,6,1,FALSE,FALSE
233,3,"balanced",5,5,1,1,8,0,TRUE,FALSE
234,1,"sheep",6,6,4,1,15,0,FALSE,FALSE
234,2,"balanced",5,8,1,2,10,0,FALSE,FALSE
234,3,"ore_grain",9,11,5,1,10,1,TRUE,FALSE
235,1,"balanced",4,6,2,1,7,0,FALSE,FALSE
235,2,"ore_grain",9,10,1,3,9,3,FALSE,TRUE
235,3,"sheep",8,10,4,1,12,0,TRUE,FALSE
236,1,"sheep",4,5,2,0,15,0,TRUE,FALSE
236,2,"ore_grain",6,7,2,2,14,0,FALSE,FALSE
236,3,"balanced",10,10,4,3,11,0,FALSE,FALSE
237,1,"sheep",2,2,2,0,6,0,FALSE,FALSE
237,2,"balanced",4,5,2,0,7,0,TRUE,FALSE
237,3,"ore_grain",7,10,3,1,6,6,FALSE,TRUE
238,1,"balanced",4,6,2,1,3,0,FALSE,FALSE
238,2,"sheep",8,9,2,2,6,0,TRUE,FALSE
238,3,"ore_grain",10,10,0,4,10,3,FALSE,TRUE
239,1,"ore_grain",8,9,0,3,8,3,FALSE,TRUE
239,2,"sheep",2,3,2,0,15,0,FALSE,FALSE
239,3,"balanced",7,10,5,0,8,0,TRUE,FALSE
240,1,"ore_grain",3,4,1,1,4,0,FALSE,FALSE
240,2,"balanced",9,10,1,3,8,0,TRUE,FALSE
240,3,"sheep",5,5,5,0,11,0,FALSE,FALSE
241,1,"sheep",2,3,2,0,6,0,FALSE,FALSE
241,2,"balanced",9,10,5,1,14,0,TRUE,FALSE
241,3,"ore_grain",6,8,4,0,9,8,FALSE,TRUE
242,1,"ore_grain",9,10,1,4,6,1,FALSE,FALSE
242,2,"balanced",2,2,2,0,6,0,FALSE,FALSE
242,3,"sheep",7,9,1,2,11,0,TRUE,FALSE
243,1,"sheep",5,8,1,1,8,0,TRUE,FALSE
243,2,"ore_grain",6,6,2,2,5,1,FALSE,FALSE
243,3,"balanced",8,10,0,4,11,0,FALSE,FALSE
244,1,"balanced",3,4,3,0,8,0,FALSE,FALSE
244,2,"sheep",9,10,3,2,9,0,TRUE,FALSE
244,3,"ore_grain",4,4,4,0,5,2,FALSE,FALSE
245,1,"sheep",3,3,3,0,9,0,FALSE,FALSE
245,2,"balanced",10,10,0,4,11,0,TRUE,FALSE
245,3,"ore_grain",7,7,1,3,9,2,FALSE,FALSE
246,1,"ore_grain",9,9,1,4,7,0,FALSE,FALSE
246,2,"balanced",8,11,2,2,8,0,TRUE,FALSE
246,3,"sheep",3,3,3,0,10,0,FALSE,FALSE
247,1,"ore_grain",9,9,1,3,9,3,FALSE,TRUE
247,2,"sheep",9,10,3,2,15,0,TRUE,FALSE
247,3,"balanced",5,9,1,2,14,0,FALSE,FALSE
248,1,"ore_grain",9,10,1,3,7,3,FALSE,TRUE
248,2,"sheep",5,6,5,0,10,0,FALSE,FALSE
248,3,"balanced",7,9,1,2,6,0,TRUE,FALSE
249,1,"ore_grain",4,5,4,0,4,1,FALSE,FALSE
249,2,"sheep",4,5,2,0,15,0,TRUE,FALSE
249,3,"balanced",10,10,4,3,12,0,FALSE,FALSE
250,1,"ore_grain",5,6,1,2,7,1,FALSE,FALSE
250,2,"sheep",9,10,5,1,15,0,TRUE,FALSE
250,3,"balanced",5,8,5,0,8,0,FALSE,FALSE
251,1,"sheep",3,4,3,0,8,0,FALSE,FALSE
251,2,"ore_grain",8,9,0,4,6,0,FALSE,FALSE
251,3,"balanced",8,10,4,1,9,0,TRUE,FALSE
252,1,"ore_grain",6,7,0,3,7,2,FALSE,FALSE
252,2,"sheep",7,7,5,0,10,0,TRUE,FALSE
252,3,"balanced",9,10,1,4,8,0,FALSE,FALSE
253,1,"sheep",8,9,4,1,9,0,TRUE,FALSE
253,2,"ore_grain",6,8,0,3,6,1,FALSE,FALSE
253,3,"balanced",9,10,1,4,10,0,FALSE,FALSE
254,1,"ore_grain",8,10,0,4,6,0,FALSE,FALSE
254,2,"balanced",5,6,3,0,8,0,TRUE,FALSE
254,3,"sheep",3,3,3,0,9,0,FALSE,FALSE
255,1,"ore_grain",3,4,1,1,7,0,FALSE,FALSE
255,2,"sheep",10,10,4,2,9,0,TRUE,FALSE
255,3,"balanced",6,6,4,1,10,0,FALSE,FALSE
256,1,"ore_grain",11,11,1,3,9,3,TRUE,TRUE
256,2,"balanced",8,8,0,4,7,0,FALSE,FALSE
256,3,"sheep",4,5,2,1,7,0,FALSE,FALSE
257,1,"sheep",4,5,2,0,11,0,TRUE,FALSE
257,2,"balanced",5,6,5,0,9,0,FALSE,FALSE
257,3,"ore_grain",10,11,0,4,6,5,FALSE,TRUE
258,1,"balanced",7,10,5,0,12,0,TRUE,FALSE
258,2,"ore_grain",3,3,3,0,11,0,FALSE,FALSE
258,3,"sheep",2,3,2,0,12,0,FALSE,FALSE
259,1,"sheep",5,6,3,0,12,0,TRUE,FALSE
259,2,"balanced",5,6,1,2,8,0,FALSE,FALSE
259,3,"ore_grain",8,10,0,4,9,0,FALSE,FALSE
260,1,"balanced",2,4,2,0,11,0,FALSE,FALSE
260,2,"sheep",7,7,5,0,11,0,TRUE,FALSE
260,3,"ore_grain",7,10,1,3,6,0,FALSE,FALSE
261,1,"ore_grain",9,10,1,3,6,1,TRUE,FALSE
261,2,"balanced",3,3,3,0,9,0,FALSE,FALSE
261,3,"sheep",2,3,2,0,6,0,FALSE,FALSE
262,1,"balanced",5,6,5,0,8,0,FALSE,FALSE
262,2,"ore_grain",8,10,0,4,8,1,FALSE,FALSE
262,3,"sheep",8,9,4,1,12,0,TRUE,FALSE
263,1,"balanced",9,10,3,2,13,0,TRUE,FALSE
263,2,"sheep",3,5,3,0,7,0,FALSE,FALSE
263,3,"ore_grain",7,7,3,1,9,3,FALSE,TRUE
264,1,"ore_grain",6,7,0,3,15,1,FALSE,FALSE
264,2,"balanced",7,7,1,2,15,0,TRUE,FALSE
264,3,"sheep",7,10,5,1,14,0,FALSE,FALSE
265,1,"sheep",5,5,3,0,13,0,TRUE,FALSE
265,2,"balanced",9,10,5,2,10,0,FALSE,FALSE
265,3,"ore_grain",6,9,4,1,7,1,FALSE,FALSE
266,1,"ore_grain",8,10,2,2,6,2,TRUE,FALSE
266,2,"sheep",2,2,2,0,9,0,FALSE,FALSE
266,3,"balanced",3,3,3,0,6,0,FALSE,FALSE
267,1,"sheep",7,7,3,1,10,0,TRUE,FALSE
267,2,"balanced",4,8,4,0,7,0,FALSE,FALSE
267,3,"ore_grain",9,10,1,3,10,3,FALSE,TRUE
268,1,"ore_grain",8,8,0,4,7,2,FALSE,FALSE
268,2,"balanced",8,10,4,1,13,0,TRUE,FALSE
268,3,"sheep",5,6,5,0,10,0,FALSE,FALSE
269,1,"balanced",9,10,1,3,9,0,TRUE,FALSE
269,2,"sheep",2,3,2,0,7,0,FALSE,FALSE
269,3,"ore_grain",9,9,1,3,6,4,FALSE,TRUE
270,1,"ore_grain",9,10,1,3,6,3,FALSE,TRUE
270,2,"sheep",3,3,3,0,8,0,FALSE,FALSE
270,3,"balanced",5,7,3,0,9,0,TRUE,FALSE
271,1,"sheep",4,4,2,0,9,0,TRUE,FALSE
271,2,"balanced",5,7,1,2,5,0,FALSE,FALSE
271,3,"ore_grain",9,10,1,3,6,3,FALSE,TRUE
272,1,"ore_grain",10,10,0,4,9,1,TRUE,FALSE
272,2,"balanced",6,9,4,1,12,0,FALSE,FALSE
272,3,"sheep",5,7,5,0,11,0,FALSE,FALSE
273,1,"ore_grain",7,7,3,1,10,1,TRUE,FALSE
273,2,"sheep",8,10,4,2,10,0,FALSE,FALSE
273,3,"balanced",4,6,4,0,14,0,FALSE,FALSE
274,1,"ore_grain",10,11,0,3,6,3,TRUE,TRUE
274,2,"balanced",5,5,5,0,7,0,FALSE,FALSE
274,3,"sheep",5,5,3,1,9,0,FALSE,FALSE
275,1,"balanced",4,5,4,0,14,0,FALSE,FALSE
275,2,"sheep",7,9,5,0,11,0,TRUE,FALSE
275,3,"ore_grain",9,10,1,3,11,7,FALSE,TRUE
276,1,"ore_grain",10,11,0,4,8,2,TRUE,FALSE
276,2,"sheep",3,3,3,0,12,0,FALSE,FALSE
276,3,"balanced",9,10,3,3,15,0,FALSE,FALSE
277,1,"ore_grain",9,10,1,4,9,1,FALSE,FALSE
277,2,"balanced",4,6,2,1,7,0,FALSE,FALSE
277,3,"sheep",4,4,2,0,12,0,TRUE,FALSE
278,1,"balanced",2,2,2,0,6,0,FALSE,FALSE
278,2,"sheep",4,5,4,0,7,0,FALSE,FALSE
278,3,"ore_grain",9,10,1,3,9,0,TRUE,FALSE
279,1,"sheep",5,5,3,0,14,0,TRUE,FALSE
279,2,"ore_grain",9,10,1,4,9,1,FALSE,FALSE
279,3,"balanced",4,4,2,1,9,0,FALSE,FALSE
280,1,"sheep",7,7,3,1,12,0,TRUE,FALSE
280,2,"balanced",7,10,5,1,11,0,FALSE,FALSE
280,3,"ore_grain",4,4,4,0,9,1,FALSE,FALSE
281,1,"sheep",6,7,2,1,10,0,TRUE,FALSE
281,2,"balanced",5,6,1,2,6,0,FALSE,FALSE
281,3,"ore_grain",9,10,1,4,8,0,FALSE,FALSE
282,1,"ore_grain",8,10,2,2,9,3,FALSE,TRUE
282,2,"sheep",4,4,2,1,6,0,FALSE,FALSE
282,3,"balanced",9,9,5,1,13,0,TRUE,FALSE
283,1,"ore_grain",7,7,1,3,6,1,FALSE,FALSE
283,2,"sheep",5,5,5,0,9,0,FALSE,FALSE
283,3,"balanced",7,10,5,0,10,0,TRUE,FALSE
284,1,"ore_grain",3,4,3,0,4,0,FALSE,FALSE
284,2,"balanced",9,10,1,3,9,0,TRUE,FALSE
284,3,"sheep",3,3,3,0,7,0,FALSE,FALSE
285,1,"balanced",2,2,2,0,6,0,FALSE,FALSE
285,2,"sheep",2,2,2,0,12,0,FALSE,FALSE
285,3,"ore_grain",10,10,0,4,9,2,TRUE,FALSE
286,1,"sheep",5,5,5,0,11,0,FALSE,FALSE
286,2,"balanced",8,10,2,2,15,0,TRUE,FALSE
286,3,"ore_grain",4,4,0,2,4,1,FALSE,FALSE
287,1,"ore_grain",11,11,1,4,8,3,FALSE,TRUE
287,2,"sheep",2,6,2,0,11,0,FALSE,FALSE
287,3,"balanced",10,10,0,4,8,0,TRUE,FALSE
288,1,"balanced",8,10,0,4,8,0,FALSE,FALSE
288,2,"ore_grain",8,8,0,4,6,1,FALSE,FALSE
288,3,"sheep",10,10,4,2,15,0,TRUE,FALSE
289,1,"balanced",3,4,1,1,6,0,FALSE,FALSE
289,2,"ore_grain",10,10,2,4,9,0,FALSE,FALSE
289,3,"sheep",5,6,3,0,10,0,TRUE,FALSE
290,1,"ore_grain",9,9,1,3,4,3,FALSE,TRUE
290,2,"balanced",7,10,5,0,10,0,TRUE,FALSE
290,3,"sheep",3,4,3,0,5,0,FALSE,FALSE
291,1,"ore_grain",9,10,1,3,7,4,FALSE,TRUE
291,2,"balanced",6,8,0,3,8,0,FALSE,FALSE
291,3,"sheep",4,5,2,0,9,0,TRUE,FALSE
292,1,"balanced",3,3,3,0,5,0,FALSE,FALSE
292,2,"ore_grain",7,10,1,3,10,0,FALSE,FALSE
292,3,"sheep",2,2,2,0,5,0,FALSE,FALSE
293,1,"balanced",2,3,2,0,4,0,FALSE,FALSE
293,2,"sheep",2,2,2,0,5,0,FALSE,FALSE
293,3,"ore_grain",9,10,1,3,6,1,TRUE,FALSE
294,1,"sheep",5,5,3,0,9,0,TRUE,FALSE
294,2,"ore_grain",8,10,2,2,6,3,FALSE,TRUE
294,3,"balanced",6,6,4,1,9,0,FALSE,FALSE
295,1,"ore_grain",10,10,0,3,10,3,TRUE,TRUE
295,2,"sheep",4,4,2,1,11,0,FALSE,FALSE
295,3,"balanced",2,4,2,0,6,0,FALSE,FALSE
296,1,"sheep",9,10,5,1,10,0,TRUE,FALSE
296,2,"ore_grain",6,6,0,2,4,3,FALSE,TRUE
296,3,"balanced",6,9,0,3,7,0,FALSE,FALSE
297,1,"sheep",3,4,3,0,6,0,FALSE,FALSE
297,2,"ore_grain",8,10,0,4,10,1,FALSE,FALSE
297,3,"balanced",5,6,5,0,9,0,FALSE,FALSE
298,1,"ore_grain",4,5,0,2,8,0,FALSE,FALSE
298,2,"sheep",6,8,4,0,8,0,TRUE,FALSE
298,3,"balanced",8,10,0,4,7,0,FALSE,FALSE
299,1,"ore_grain",4,4,2,1,10,1,FALSE,FALSE
299,2,"balanced",10,11,2,3,12,0,TRUE,FALSE
299,3,"sheep",5,5,3,1,15,0,FALSE,FALSE
300,1,"sheep",2,2,2,0,8,0,FALSE,FALSE
300,2,"balanced",8,10,0,4,9,0,FALSE,FALSE
300,3,"ore_grain",6,6,2,1,13,1,TRUE,FALSE
301,1,"balanced",7,8,5,0,10,0,TRUE,FALSE
301,2,"sheep",2,3,2,0,6,0,FALSE,FALSE
301,3,"ore_grain",9,10,1,3,6,7,FALSE,TRUE
302,1,"sheep",4,4,4,0,14,0,FALSE,FALSE
302,2,"balanced",6,10,0,3,4,0,FALSE,FALSE
302,3,"ore_grain",7,7,3,1,11,0,TRUE,FALSE
303,1,"balanced",4,6,4,0,9,0,FALSE,FALSE
303,2,"sheep",4,4,2,0,15,0,TRUE,FALSE
303,3,"ore_grain",10,10,0,4,6,3,FALSE,TRUE
304,1,"ore_grain",10,11,0,3,12,3,TRUE,TRUE
304,2,"balanced",7,7,3,2,11,0,FALSE,FALSE
304,3,"sheep",5,5,5,0,8,0,FALSE,FALSE
305,1,"sheep",4,4,2,0,13,0,TRUE,FALSE
305,2,"ore_grain",9,10,1,4,8,1,FALSE,FALSE
305,3,"balanced",3,7,1,1,5,0,FALSE,FALSE
306,1,"sheep",2,3,2,0,5,0,FALSE,FALSE
306,2,"balanced",9,10,5,1,13,0,TRUE,FALSE
306,3,"ore_grain",9,11,1,4,6,1,FALSE,FALSE
307,1,"ore_grain",8,10,2,2,5,6,FALSE,TRUE
307,2,"balanced",4,5,0,2,6,0,FALSE,FALSE
307,3,"sheep",8,9,4,1,9,0,TRUE,FALSE
308,1,"ore_grain",8,8,2,3,11,1,FALSE,FALSE
308,2,"sheep",8,8,4,1,14,0,TRUE,FALSE
308,3,"balanced",7,10,1,3,11,0,FALSE,FALSE
309,1,"balanced",8,10,4,2,12,0,FALSE,FALSE
309,2,"ore_grain",8,9,4,0,14,3,TRUE,TRUE
309,3,"sheep",9,9,3,3,13,0,FALSE,FALSE
310,1,"balanced",5,6,3,0,9,0,TRUE,FALSE
310,2,"ore_grain",8,10,0,3,3,3,FALSE,TRUE
310,3,"sheep",4,6,4,0,7,0,FALSE,FALSE
311,1,"sheep",5,6,3,1,8,0,FALSE,FALSE
311,2,"ore_grain",10,10,2,4,10,2,FALSE,FALSE
311,3,"balanced",5,5,1,1,11,0,TRUE,FALSE
312,1,"balanced",2,2,2,0,3,0,FALSE,FALSE
312,2,"sheep",2,2,2,0,8,0,FALSE,FALSE
312,3,"ore_grain",10,10,2,2,8,5,TRUE,TRUE
313,1,"ore_grain",7,8,1,2,15,4,FALSE,TRUE
313,2,"balanced",9,9,1,4,10,0,FALSE,FALSE
313,3,"sheep",8,10,4,1,14,0,TRUE,FALSE
314,1,"sheep",2,3,2,0,6,0,FALSE,FALSE
314,2,"balanced",2,5,2,0,3,0,FALSE,FALSE
314,3,"ore_grain",9,10,1,3,7,1,TRUE,FALSE
315,1,"sheep",2,2,2,0,5,0,FALSE,FALSE
315,2,"ore_grain",10,10,2,4,8,0,FALSE,FALSE
315,3,"balanced",5,7,1,2,4,0,FALSE,FALSE
316,1,"ore_grain",9,10,1,4,8,0,FALSE,FALSE
316,2,"balanced",7,9,5,0,13,0,TRUE,FALSE
316,3,"sheep",3,3,3,0,15,0,FALSE,FALSE
317,1,"sheep",5,6,5,0,6,0,FALSE,FALSE
317,2,"balanced",7,8,1,2,6,0,TRUE,FALSE
317,3,"ore_grain",8,10,0,3,9,5,FALSE,TRUE
318,1,"sheep",6,7,4,0,10,0,TRUE,FALSE
318,2,"balanced",8,10,2,3,6,0,FALSE,FALSE
318,3,"ore_grain",8,8,0,4,5,0,FALSE,FALSE
319,1,"balanced",8,9,0,4,8,0,FALSE,FALSE
319,2,"sheep",7,9,3,1,12,0,TRUE,FALSE
319,3,"ore_grain",8,10,2,3,9,1,FALSE,FALSE
320,1,"sheep",7,8,5,0,7,0,TRUE,FALSE
320,2,"balanced",6,8,0,3,6,0,FALSE,FALSE
320,3,"ore_grain",8,10,0,4,7,0,FALSE,FALSE
321,1,"sheep",7,8,5,0,7,0,TRUE,FALSE
321,2,"balanced",2,4,2,0,7,0,FALSE,FALSE
321,3,"ore_grain",9,10,1,4,5,0,FALSE,FALSE
322,1,"sheep",4,5,2,0,15,0,TRUE,FALSE
322,2,"ore_grain",5,5,3,1,11,0,FALSE,FALSE
322,3,"balanced",9,10,1,4,10,0,FALSE,FALSE
323,1,"balanced",9,9,3,2,10,0,TRUE,FALSE
323,2,"ore_grain",9,10,1,3,6,3,FALSE,TRUE
323,3,"sheep",7,8,5,1,9,0,FALSE,FALSE
324,1,"sheep",2,3,2,0,4,0,FALSE,FALSE
324,2,"ore_grain",11,11,1,3,7,3,TRUE,TRUE
324,3,"balanced",5,7,5,0,10,0,FALSE,FALSE
325,1,"ore_grain",5,6,3,1,7,0,FALSE,FALSE
325,2,"sheep",5,5,3,0,9,0,TRUE,FALSE
325,3,"balanced",9,10,5,2,13,0,FALSE,FALSE
326,1,"balanced",5,6,5,0,7,0,FALSE,FALSE
326,2,"sheep",2,2,2,0,12,0,FALSE,FALSE
326,3,"ore_grain",10,10,4,1,9,4,TRUE,TRUE
327,1,"ore_grain",10,10,0,4,5,3,FALSE,TRUE
327,2,"sheep",6,6,4,0,9,0,TRUE,FALSE
327,3,"balanced",5,8,5,0,9,0,FALSE,FALSE
328,1,"balanced",3,3,1,1,5,0,FALSE,FALSE
328,2,"ore_grain",9,10,1,4,8,1,FALSE,FALSE
328,3,"sheep",4,4,2,0,10,0,TRUE,FALSE
329,1,"sheep",10,10,4,2,10,0,TRUE,FALSE
329,2,"ore_grain",3,4,3,0,9,0,FALSE,FALSE
329,3,"balanced",5,6,5,0,11,0,FALSE,FALSE
330,1,"ore_grain",10,10,0,4,5,3,FALSE,TRUE
330,2,"balanced",3,5,1,1,6,0,FALSE,FALSE
330,3,"sheep",2,5,2,0,4,0,FALSE,FALSE
331,1,"balanced",5,7,3,0,9,0,TRUE,FALSE
331,2,"ore_grain",10,10,2,4,11,0,FALSE,FALSE
331,3,"sheep",4,5,2,1,10,0,FALSE,FALSE
332,1,"ore_grain",5,5,3,1,7,0,FALSE,FALSE
332,2,"balanced",9,10,5,1,15,0,TRUE,FALSE
332,3,"sheep",3,4,3,0,5,0,FALSE,FALSE
333,1,"sheep",4,5,2,0,10,0,TRUE,FALSE
333,2,"ore_grain",9,10,3,2,8,4,FALSE,TRUE
333,3,"balanced",3,4,1,1,4,0,FALSE,FALSE
334,1,"ore_grain",6,7,0,3,5,1,FALSE,FALSE
334,2,"balanced",7,10,5,0,15,0,TRUE,FALSE
334,3,"sheep",2,2,2,0,13,0,FALSE,FALSE
335,1,"ore_grain",6,10,4,1,6,1,FALSE,FALSE
335,2,"balanced",3,3,3,0,9,0,FALSE,FALSE
335,3,"sheep",5,5,3,0,9,0,TRUE,FALSE
336,1,"ore_grain",7,8,3,1,7,4,FALSE,TRUE
336,2,"sheep",10,10,4,2,15,0,TRUE,FALSE
336,3,"balanced",3,7,3,0,8,0,FALSE,FALSE
337,1,"sheep",10,10,4,3,9,0,FALSE,FALSE
337,2,"ore_grain",5,5,3,0,7,0,TRUE,FALSE
337,3,"balanced",5,6,1,2,5,0,FALSE,FALSE
338,1,"balanced",5,5,3,1,8,0,FALSE,FALSE
338,2,"sheep",6,7,4,0,7,0,TRUE,FALSE
338,3,"ore_grain",8,10,0,4,6,1,FALSE,FALSE
339,1,"ore_grain",2,2,2,0,6,0,FALSE,FALSE
339,2,"sheep",3,3,3,0,11,0,FALSE,FALSE
339,3,"balanced",10,10,4,2,11,0,TRUE,FALSE
340,1,"sheep",8,9,2,3,11,0,FALSE,FALSE
340,2,"ore_grain",8,9,0,3,8,2,TRUE,FALSE
340,3,"balanced",7,10,1,3,7,0,FALSE,FALSE
341,1,"balanced",5,5,1,2,4,0,FALSE,FALSE
341,2,"ore_grain",2,4,2,0,5,2,FALSE,FALSE
341,3,"sheep",7,10,5,0,8,0,TRUE,FALSE
342,1,"sheep",5,6,5,0,7,0,FALSE,FALSE
342,2,"balanced",2,3,2,0,8,0,FALSE,FALSE
342,3,"ore_grain",9,11,3,1,8,3,TRUE,TRUE
343,1,"ore_grain",8,9,4,1,9,6,FALSE,TRUE
343,2,"balanced",8,10,4,2,8,0,FALSE,FALSE
343,3,"sheep",7,9,5,0,11,0,TRUE,FALSE
344,1,"ore_grain",5,6,1,2,10,0,FALSE,FALSE
344,2,"sheep",4,4,4,0,9,0,FALSE,FALSE
344,3,"balanced",9,10,5,1,15,0,TRUE,FALSE
345,1,"sheep",2,2,2,0,11,0,FALSE,FALSE
345,2,"balanced",5,6,3,0,14,0,TRUE,FALSE
345,3,"ore_grain",9,10,1,4,7,1,FALSE,FALSE
346,1,"balanced",6,10,0,3,4,0,FALSE,FALSE
346,2,"ore_grain",6,7,0,2,4,7,FALSE,TRUE
346,3,"sheep",5,5,3,0,15,0,TRUE,FALSE
347,1,"balanced",6,6,0,3,7,0,FALSE,FALSE
347,2,"sheep",4,6,4,0,7,0,FALSE,FALSE
347,3,"ore_grain",9,10,3,1,9,5,TRUE,TRUE
348,1,"ore_grain",8,10,4,1,9,0,TRUE,FALSE
348,2,"sheep",7,8,3,2,10,0,FALSE,FALSE
348,3,"balanced",4,6,2,1,5,0,FALSE,FALSE
349,1,"sheep",6,7,4,0,12,0,TRUE,FALSE
349,2,"balanced",4,5,4,0,11,0,FALSE,FALSE
349,3,"ore_grain",9,11,3,2,10,3,FALSE,TRUE
350,1,"sheep",4,7,0,2,6,0,FALSE,FALSE
350,2,"balanced",7,7,1,3,8,0,FALSE,FALSE
350,3,"ore_grain",9,11,5,0,8,4,TRUE,TRUE
351,1,"sheep",3,3,3,0,9,0,FALSE,FALSE
351,2,"balanced",10,10,0,4,11,0,TRUE,FALSE
351,3,"ore_grain",6,7,0,3,6,0,FALSE,FALSE
352,1,"ore_grain",8,8,0,3,8,1,TRUE,FALSE
352,2,"sheep",5,7,5,0,9,0,FALSE,FALSE
352,3,"balanced",8,10,2,3,7,0,FALSE,FALSE
353,1,"balanced",10,10,4,2,14,0,TRUE,FALSE
353,2,"sheep",6,7,4,1,8,0,FALSE,FALSE
353,3,"ore_grain",4,5,0,2,7,0,FALSE,FALSE
354,1,"balanced",4,7,2,1,8,0,FALSE,FALSE
354,2,"sheep",9,9,5,1,9,0,TRUE,FALSE
354,3,"ore_grain",10,10,2,3,11,3,FALSE,TRUE
355,1,"ore_grain",4,5,4,0,5,0,FALSE,FALSE
355,2,"balanced",9,10,5,1,9,0,TRUE,FALSE
355,3,"sheep",2,2,2,0,7,0,FALSE,FALSE
356,1,"ore_grain",6,6,0,3,7,0,FALSE,FALSE
356,2,"sheep",3,4,3,0,6,0,FALSE,FALSE
356,3,"balanced",9,10,1,3,6,0,TRUE,FALSE
357,1,"balanced",4,6,0,2,4,0,FALSE,FALSE
357,2,"ore_grain",10,10,0,4,7,0,TRUE,FALSE
357,3,"sheep",5,5,5,0,9,0,FALSE,FALSE
358,1,"balanced",7,9,5,0,11,0,TRUE,FALSE
358,2,"sheep",7,10,3,2,8,0,FALSE,FALSE
358,3,"ore_grain",8,8,2,2,8,5,FALSE,TRUE
359,1,"balanced",7,10,1,3,12,0,FALSE,FALSE
359,2,"ore_grain",3,3,3,0,11,1,FALSE,FALSE
359,3,"sheep",8,8,4,1,13,0,TRUE,FALSE
360,1,"balanced",4,6,0,2,4,0,FALSE,FALSE
360,2,"sheep",4,5,4,0,8,0,FALSE,FALSE
360,3,"ore_grain",10,11,2,3,10,0,TRUE,FALSE
361,1,"balanced",4,6,0,2,5,0,FALSE,FALSE
361,2,"ore_grain",9,10,1,4,8,1,FALSE,FALSE
361,3,"sheep",5,5,3,0,12,0,TRUE,FALSE
362,1,"ore_grain",8,8,0,3,15,2,TRUE,FALSE
362,2,"sheep",4,5,4,0,15,0,FALSE,FALSE
362,3,"balanced",9,10,3,3,12,0,FALSE,FALSE
363,1,"ore_grain",9,10,3,2,6,3,FALSE,TRUE
363,2,"balanced",4,7,4,0,8,0,FALSE,FALSE
363,3,"sheep",9,10,5,1,13,0,TRUE,FALSE
364,1,"balanced",4,6,0,2,7,0,FALSE,FALSE
364,2,"sheep",5,5,3,0,11,0,TRUE,FALSE
364,3,"ore_grain",9,10,1,4,9,1,FALSE,FALSE
365,1,"sheep",5,5,5,0,13,0,FALSE,FALSE
365,2,"balanced",6,7,4,1,5,0,FALSE,FALSE
365,3,"ore_grain",10,10,4,1,9,3,TRUE,TRUE
366,1,"balanced",5,5,3,1,9,0,FALSE,FALSE
366,2,"ore_grain",9,10,1,4,9,0,FALSE,FALSE
366,3,"sheep",7,8,5,0,13,0,TRUE,FALSE
367,1,"sheep",4,4,4,0,9,0,FALSE,FALSE
367,2,"ore_grain",4,4,4,0,5,0,FALSE,FALSE
367,3,"balanced",7,10,5,0,8,0,TRUE,FALSE
368,1,"balanced",9,10,3,3,13,0,FALSE,FALSE
368,2,"sheep",4,4,2,0,15,0,TRUE,FALSE
368,3,"ore_grain",6,9,2,2,6,1,FALSE,FALSE
369,1,"sheep",4,5,2,0,15,0,TRUE,FALSE
369,2,"balanced",6,9,2,2,9,0,FALSE,FALSE
369,3,"ore_grain",9,10,5,1,8,5,FALSE,TRUE
370,1,"balanced",8,10,4,2,9,0,FALSE,FALSE
370,2,"ore_grain",5,7,3,1,7,2,FALSE,FALSE
370,3,"sheep",5,6,3,0,12,0,TRUE,FALSE
371,1,"balanced",4,6,4,0,9,0,FALSE,FALSE
371,2,"sheep",6,6,4,0,9,0,TRUE,FALSE
371,3,"ore_grain",8,10,2,3,8,0,FALSE,FALSE
372,1,"sheep",2,3,2,0,4,0,FALSE,FALSE
372,2,"ore_grain",9,10,1,3,7,1,TRUE,FALSE
372,3,"balanced",3,3,3,0,10,0,FALSE,FALSE
373,1,"balanced",9,10,1,4,10,0,FALSE,FALSE
373,2,"ore_grain",9,10,1,3,6,3,FALSE,TRUE
373,3,"sheep",5,6,3,0,12,0,TRUE,FALSE
374,1,"sheep",3,3,3,0,7,0,FALSE,FALSE
374,2,"ore_grain",8,10,2,2,6,0,TRUE,FALSE
374,3,"balanced",5,5,5,0,8,0,FALSE,FALSE
375,1,"ore_grain",9,11,1,3,10,1,TRUE,FALSE
375,2,"balanced",2,2,2,0,7,0,FALSE,FALSE
375,3,"sheep",5,5,5,0,11,0,FALSE,FALSE
376,1,"balanced",6,8,0,3,5,0,FALSE,FALSE
376,2,"ore_grain",8,10,0,3,3,3,FALSE,TRUE
376,3,"sheep",5,5,1,1,9,0,TRUE,FALSE
377,1,"sheep",7,8,3,1,8,0,TRUE,FALSE
377,2,"balanced",9,9,1,4,8,0,FALSE,FALSE
377,3,"ore_grain",9,10,1,4,8,0,FALSE,FALSE
378,1,"sheep",2,3,2,0,7,0,FALSE,FALSE
378,2,"ore_grain",8,10,0,4,7,0,FALSE,FALSE
378,3,"balanced",2,3,2,0,5,0,FALSE,FALSE
379,1,"sheep",5,5,1,1,10,0,TRUE,FALSE
379,2,"balanced",4,5,2,1,6,0,FALSE,FALSE
379,3,"ore_grain",9,10,1,3,7,3,FALSE,TRUE
380,1,"balanced",9,10,1,4,6,0,FALSE,FALSE
380,2,"ore_grain",5,6,1,2,6,0,FALSE,FALSE
380,3,"sheep",5,6,3,0,9,0,TRUE,FALSE
381,1,"balanced",8,9,2,3,15,0,FALSE,FALSE
381,2,"sheep",6,8,4,1,10,0,FALSE,FALSE
381,3,"ore_grain",9,10,5,1,11,0,TRUE,FALSE
382,1,"ore_grain",8,9,0,3,10,1,TRUE,FALSE
382,2,"balanced",8,10,4,2,10,0,FALSE,FALSE
382,3,"sheep",5,7,5,0,9,0,FALSE,FALSE
383,1,"balanced",4,6,0,2,5,0,FALSE,FALSE
383,2,"ore_grain",9,10,1,4,8,0,FALSE,FALSE
383,3,"sheep",4,5,2,0,13,0,TRUE,FALSE
384,1,"ore_grain",4,7,2,0,6,4,FALSE,TRUE
384,2,"balanced",5,7,3,1,9,0,FALSE,FALSE
384,3,"sheep",10,10,2,3,8,0,TRUE,FALSE
385,1,"balanced",5,6,1,2,5,0,FALSE,FALSE
385,2,"ore_grain",9,10,1,3,6,3,FALSE,TRUE
385,3,"sheep",8,8,4,1,12,0,TRUE,FALSE
386,1,"sheep",4,5,0,2,8,0,FALSE,FALSE
386,2,"balanced",7,9,1,2,10,0,TRUE,FALSE
386,3,"ore_grain",8,10,0,3,7,5,FALSE,TRUE
387,1,"balanced",9,10,1,4,11,0,FALSE,FALSE
387,2,"ore_grain",8,9,4,1,10,0,TRUE,FALSE
387,3,"sheep",5,7,5,0,7,0,FALSE,FALSE
388,1,"balanced",4,4,0,2,5,0,FALSE,FALSE
388,2,"sheep",3,3,3,0,5,0,FALSE,FALSE
388,3,"ore_grain",10,10,4,2,8,0,TRUE,FALSE
389,1,"balanced",8,10,0,4,8,0,FALSE,FALSE
389,2,"ore_grain",9,11,3,2,8,1,TRUE,FALSE
389,3,"sheep",2,2,2,0,9,0,FALSE,FALSE
390,1,"ore_grain",8,10,2,2,7,1,TRUE,FALSE
390,2,"balanced",2,3,2,0,4,0,FALSE,FALSE
390,3,"sheep",4,4,4,0,7,0,FALSE,FALSE
391,1,"sheep",8,8,4,1,13,0,TRUE,FALSE
391,2,"ore_grain",9,10,1,4,9,0,FALSE,FALSE
391,3,"balanced",4,8,4,0,7,0,FALSE,FALSE
392,1,"sheep",7,9,5,0,10,0,TRUE,FALSE
392,2,"ore_grain",8,8,2,2,6,4,FALSE,TRUE
392,3,"balanced",10,10,2,4,10,0,FALSE,FALSE
393,1,"balanced",7,8,5,0,15,0,TRUE,FALSE
393,2,"ore_grain",9,10,1,4,6,1,FALSE,FALSE
393,3,"sheep",5,5,5,0,12,0,FALSE,FALSE
394,1,"sheep",3,3,3,0,9,0,FALSE,FALSE
394,2,"ore_grain",3,3,3,0,10,0,FALSE,FALSE
394,3,"balanced",9,10,3,2,11,0,TRUE,FALSE
395,1,"ore_grain",2,2,2,0,7,0,FALSE,FALSE
395,2,"sheep",2,2,2,0,7,0,FALSE,FALSE
395,3,"balanced",9,10,3,2,12,0,TRUE,FALSE
396,1,"ore_grain",9,10,1,4,8,1,FALSE,FALSE
396,2,"balanced",7,9,5,0,15,0,TRUE,FALSE
396,3,"sheep",7,9,5,1,12,0,FALSE,FALSE
397,1,"balanced",9,10,3,3,10,0,FALSE,FALSE
397,2,"ore_grain",4,6,0,2,5,1,FALSE,FALSE
397,3,"sheep",5,5,3,0,11,0,TRUE,FALSE
398,1,"balanced",5,5,5,0,13,0,FALSE,FALSE
398,2,"ore_grain",10,10,0,4,8,0,TRUE,FALSE
398,3,"sheep",2,2,2,0,12,0,FALSE,FALSE
399,1,"sheep",5,5,5,0,15,0,FALSE,FALSE
399,2,"balanced",9,10,1,4,9,0,FALSE,FALSE
399,3,"ore_grain",8,9,4,1,9,2,TRUE,FALSE
400,1,"balanced",8,11,0,4,6,0,FALSE,FALSE
400,2,"sheep",3,3,3,0,8,0,FALSE,FALSE
400,3,"ore_grain",9,9,1,4,8,0,FALSE,FALSE
401,1,"sheep",3,4,3,0,6,0,FALSE,FALSE
401,2,"ore_grain",5,6,3,1,11,2,FALSE,FALSE
401,3,"balanced",9,10,5,1,12,0,TRUE,FALSE
402,1,"sheep",4,5,2,1,9,0,FALSE,FALSE
402,2,"ore_grain",8,9,0,3,11,3,FALSE,TRUE
402,3,"balanced",8,10,2,2,8,0,TRUE,FALSE
403,1,"balanced",10,10,4,2,14,0,TRUE,FALSE
403,2,"ore_grain",3,3,1,1,8,0,FALSE,FALSE
403,3,"sheep",2,3,2,0,9,0,FALSE,FALSE
404,1,"balanced",7,8,1,2,9,0,TRUE,FALSE
404,2,"ore_grain",7,10,1,3,7,1,FALSE,FALSE
404,3,"sheep",5,6,5,0,9,0,FALSE,FALSE
405,1,"balanced",4,5,2,1,9,0,FALSE,FALSE
405,2,"ore_grain",9,10,1,4,7,0,FALSE,FALSE
405,3,"sheep",6,7,4,0,10,0,TRUE,FALSE
406,1,"sheep",7,9,5,0,14,0,TRUE,FALSE
406,2,"ore_grain",9,10,1,4,12,1,FALSE,FALSE
406,3,"balanced",5,7,1,2,15,0,FALSE,FALSE
407,1,"sheep",2,2,2,0,15,0,FALSE,FALSE
407,2,"ore_grain",5,5,1,2,14,1,FALSE,FALSE
407,3,"balanced",9,11,1,3,15,0,TRUE,FALSE
408,1,"balanced",8,10,2,2,10,0,TRUE,FALSE
408,2,"sheep",2,4,2,0,13,0,FALSE,FALSE
408,3,"ore_grain",6,6,4,0,8,5,FALSE,TRUE
409,1,"balanced",8,8,0,4,8,0,FALSE,FALSE
409,2,"ore_grain",8,10,4,2,14,1,FALSE,FALSE
409,3,"sheep",4,6,2,0,9,0,TRUE,FALSE
410,1,"balanced",5,5,1,2,4,0,FALSE,FALSE
410,2,"ore_grain",8,10,0,4,6,0,FALSE,FALSE
410,3,"sheep",4,4,2,0,12,0,TRUE,FALSE
411,1,"ore_grain",9,10,1,4,8,0,FALSE,FALSE
411,2,"balanced",9,10,1,4,7,0,FALSE,FALSE
411,3,"sheep",6,9,4,0,7,0,TRUE,FALSE
412,1,"balanced",5,7,5,0,15,0,FALSE,FALSE
412,2,"ore_grain",9,11,3,3,11,1,FALSE,FALSE
412,3,"sheep",5,5,3,0,14,0,TRUE,FALSE
413,1,"sheep",4,5,4,0,5,0,FALSE,FALSE
413,2,"balanced",4,5,4,0,9,0,FALSE,FALSE
413,3,"ore_grain",9,10,1,4,7,0,FALSE,FALSE
414,1,"balanced",4,6,2,1,8,0,FALSE,FALSE
414,2,"sheep",6,7,4,0,9,0,TRUE,FALSE
414,3,"ore_grain",10,11,0,4,8,4,FALSE,TRUE
415,1,"ore_grain",8,10,2,2,6,4,FALSE,TRUE
415,2,"sheep",3,3,3,0,5,0,FALSE,FALSE
415,3,"balanced",6,7,0,2,6,0,TRUE,FALSE
416,1,"balanced",7,10,1,3,7,0,FALSE,FALSE
416,2,"ore_grain",6,8,4,0,7,5,FALSE,TRUE
416,3,"sheep",8,8,4,1,10,0,TRUE,FALSE
417,1,"balanced",3,3,3,0,4,0,FALSE,FALSE
417,2,"ore_grain",9,10,1,4,8,1,FALSE,FALSE
417,3,"sheep",5,5,1,1,7,0,TRUE,FALSE
418,1,"balanced",8,9,4,2,14,0,FALSE,FALSE
418,2,"ore_grain",4,4,2,1,8,2,FALSE,FALSE
418,3,"sheep",9,10,5,1,10,0,TRUE,FALSE
419,1,"ore_grain",11,12,1,4,8,0,TRUE,FALSE
419,2,"sheep",3,6,1,1,8,0,FALSE,FALSE
419,3,"balanced",4,4,4,0,9,0,FALSE,FALSE
420,1,"balanced",3,3,3,0,6,0,FALSE,FALSE
420,2,"ore_grain",11,11,5,3,12,0,FALSE,FALSE
420,3,"sheep",6,7,4,0,9,0,TRUE,FALSE
421,1,"sheep",5,5,1,1,13,0,TRUE,FALSE
421,2,"balanced",9,10,3,3,10,0,FALSE,FALSE
421,3,"ore_grain",7,9,3,2,8,2,FALSE,FALSE
422,1,"sheep",8,8,0,3,8,0,TRUE,FALSE
422,2,"balanced",3,5,3,0,5,0,FALSE,FALSE
422,3,"ore_grain",9,10,5,1,10,4,FALSE,TRUE
423,1,"ore_grain",3,3,3,0,5,1,FALSE,FALSE
423,2,"balanced",7,9,5,0,12,0,TRUE,FALSE
423,3,"sheep",9,10,5,2,14,0,FALSE,FALSE
424,1,"balanced",2,5,2,0,4,0,FALSE,FALSE
424,2,"sheep",4,4,2,0,11,0,TRUE,FALSE
424,3,"ore_grain",8,10,4,2,10,1,FALSE,FALSE
425,1,"ore_grain",9,10,1,4,7,1,FALSE,FALSE
425,2,"sheep",7,9,5,0,14,0,TRUE,FALSE
425,3,"balanced",9,10,5,2,14,0,FALSE,FALSE
426,1,"balanced",3,3,3,0,8,0,FALSE,FALSE
426,2,"ore_grain",10,11,0,4,8,3,FALSE,TRUE
426,3,"sheep",4,4,2,0,8,0,TRUE,FALSE
427,1,"balanced",5,7,3,1,5,0,FALSE,FALSE
427,2,"sheep",7,10,3,1,7,0,TRUE,FALSE
427,3,"ore_grain",6,6,2,2,5,1,FALSE,FALSE
428,1,"sheep",4,5,2,0,10,0,TRUE,FALSE
428,2,"ore_grain",10,10,0,4,5,5,FALSE,TRUE
428,3,"balanced",3,5,3,0,4,0,FALSE,FALSE
429,1,"sheep",4,6,2,1,6,0,FALSE,FALSE
429,2,"balanced",5,7,1,2,8,0,FALSE,FALSE
429,3,"ore_grain",10,10,0,4,5,3,FALSE,TRUE
430,1,"sheep",5,5,3,0,13,0,TRUE,FALSE
430,2,"balanced",4,6,0,2,6,0,FALSE,FALSE
430,3,"ore_grain",10,11,0,4,7,3,FALSE,TRUE
431,1,"balanced",4,5,2,1,4,0,FALSE,FALSE
431,2,"ore_grain",9,10,1,3,6,3,FALSE,TRUE
431,3,"sheep",5,5,3,0,10,0,TRUE,FALSE
432,1,"sheep",9,10,5,1,10,0,TRUE,FALSE
432,2,"balanced",6,6,0,3,6,0,FALSE,FALSE
432,3,"ore_grain",9,9,1,3,9,7,FALSE,TRUE
433,1,"balanced",10,10,4,2,14,0,TRUE,FALSE
433,2,"sheep",2,5,2,0,6,0,FALSE,FALSE
433,3,"ore_grain",8,8,0,4,6,1,FALSE,FALSE
434,1,"balanced",6,7,2,1,7,0,TRUE,FALSE
434,2,"sheep",4,4,4,0,5,0,FALSE,FALSE
434,3,"ore_grain",7,10,3,1,10,3,FALSE,TRUE
435,1,"sheep",5,7,3,0,14,0,TRUE,FALSE
435,2,"ore_grain",10,10,4,2,10,4,FALSE,TRUE
435,3,"balanced",5,7,3,1,11,0,FALSE,FALSE
436,1,"sheep",2,2,2,0,4,0,FALSE,FALSE
436,2,"balanced",2,3,2,0,4,0,FALSE,FALSE
436,3,"ore_grain",10,10,2,3,7,3,FALSE,TRUE
437,1,"balanced",7,8,5,0,15,0,TRUE,FALSE
437,2,"sheep",9,10,5,2,15,0,FALSE,FALSE
437,3,"ore_grain",7,10,3,2,7,0,FALSE,FALSE
438,1,"sheep",4,5,2,0,12,0,TRUE,FALSE
438,2,"ore_grain",10,10,2,4,9,1,FALSE,FALSE
438,3,"balanced",5,8,5,0,10,0,FALSE,FALSE
439,1,"ore_grain",2,2,2,0,8,0,FALSE,FALSE
439,2,"balanced",4,5,4,0,8,0,FALSE,FALSE
439,3,"sheep",9,10,5,1,12,0,TRUE,FALSE
440,1,"ore_grain",9,9,1,4,6,1,FALSE,FALSE
440,2,"sheep",2,2,2,0,8,0,FALSE,FALSE
440,3,"balanced",9,10,3,2,11,0,TRUE,FALSE
441,1,"balanced",9,10,5,1,8,0,TRUE,FALSE
441,2,"ore_grain",9,10,1,4,11,1,FALSE,FALSE
441,3,"sheep",2,3,2,0,11,0,FALSE,FALSE
442,1,"sheep",9,10,5,1,12,0,TRUE,FALSE
442,2,"balanced",6,8,2,2,9,0,FALSE,FALSE
442,3,"ore_grain",8,8,0,3,10,4,FALSE,TRUE
443,1,"ore_grain",10,10,0,4,5,3,FALSE,TRUE
443,2,"sheep",4,5,4,0,13,0,FALSE,FALSE
443,3,"balanced",6,6,4,0,9,0,TRUE,FALSE
444,1,"balanced",5,8,3,1,7,0,FALSE,FALSE
444,2,"ore_grain",8,10,0,3,5,3,FALSE,TRUE
444,3,"sheep",7,7,3,1,10,0,TRUE,FALSE
445,1,"balanced",7,9,1,2,7,0,TRUE,FALSE
445,2,"sheep",2,4,2,0,7,0,FALSE,FALSE
445,3,"ore_grain",10,11,0,4,5,4,FALSE,TRUE
446,1,"ore_grain",9,10,1,4,7,1,FALSE,FALSE
446,2,"sheep",4,4,2,0,9,0,TRUE,FALSE
446,3,"balanced",4,4,4,0,7,0,FALSE,FALSE
447,1,"sheep",3,4,3,0,8,0,FALSE,FALSE
447,2,"ore_grain",9,10,1,3,9,0,TRUE,FALSE
447,3,"balanced",8,9,2,3,9,0,FALSE,FALSE
448,1,"ore_grain",5,7,3,1,7,0,FALSE,FALSE
448,2,"sheep",2,2,2,0,10,0,FALSE,FALSE
448,3,"balanced",7,10,5,0,13,0,TRUE,FALSE
449,1,"sheep",6,6,4,1,8,0,FALSE,FALSE
449,2,"ore_grain",9,9,1,3,13,1,TRUE,FALSE
449,3,"balanced",6,10,2,2,7,0,FALSE,FALSE
450,1,"ore_grain",10,10,2,2,9,3,TRUE,TRUE
450,2,"sheep",6,6,4,1,15,0,FALSE,FALSE
450,3,"balanced",4,4,2,1,8,0,FALSE,FALSE
451,1,"ore_grain",4,4,0,2,6,0,FALSE,FALSE
451,2,"sheep",9,10,5,1,9,0,TRUE,FALSE
451,3,"balanced",6,7,4,1,8,0,FALSE,FALSE
452,1,"sheep",7,8,3,1,10,0,TRUE,FALSE
452,2,"ore_grain",8,8,0,4,14,1,FALSE,FALSE
452,3,"balanced",6,10,4,1,10,0,FALSE,FALSE
453,1,"ore_grain",7,8,1,3,5,2,FALSE,FALSE
453,2,"sheep",8,9,4,1,12,0,TRUE,FALSE
453,3,"balanced",10,10,2,4,11,0,FALSE,FALSE
454,1,"balanced",4,5,4,0,9,0,FALSE,FALSE
454,2,"sheep",5,5,3,0,7,0,TRUE,FALSE
454,3,"ore_grain",10,11,0,4,5,3,FALSE,TRUE
455,1,"balanced",7,10,1,3,9,0,FALSE,FALSE
455,2,"ore_grain",6,6,2,2,9,1,FALSE,FALSE
455,3,"sheep",6,6,4,0,7,0,TRUE,FALSE
456,1,"balanced",5,6,5,0,9,0,FALSE,FALSE
456,2,"sheep",8,10,4,1,9,0,TRUE,FALSE
456,3,"ore_grain",8,9,0,4,6,0,FALSE,FALSE
457,1,"ore_grain",9,10,1,3,10,1,TRUE,FALSE
457,2,"balanced",3,4,3,0,11,0,FALSE,FALSE
457,3,"sheep",3,6,3,0,8,0,FALSE,FALSE
458,1,"sheep",2,5,2,0,5,0,FALSE,FALSE
458,2,"balanced",3,3,1,1,5,0,FALSE,FALSE
458,3,"ore_grain",8,10,0,3,6,0,TRUE,FALSE
459,1,"balanced",4,5,4,0,15,0,FALSE,FALSE
459,2,"sheep",5,6,5,0,11,0,FALSE,FALSE
459,3,"ore_grain",10,11,0,4,13,0,TRUE,FALSE
460,1,"sheep",2,4,2,0,10,0,FALSE,FALSE
460,2,"ore_grain",8,8,0,4,8,2,FALSE,FALSE
460,3,"balanced",9,11,5,1,9,0,TRUE,FALSE
461,1,"balanced",2,2,2,0,4,0,FALSE,FALSE
461,2,"ore_grain",10,10,0,4,11,0,TRUE,FALSE
461,3,"sheep",2,2,2,0,9,0,FALSE,FALSE
462,1,"ore_grain",9,10,1,3,9,1,TRUE,FALSE
462,2,"balanced",5,9,1,2,6,0,FALSE,FALSE
462,3,"sheep",2,2,2,0,8,0,FALSE,FALSE
463,1,"ore_grain",6,7,0,3,6,0,FALSE,FALSE
463,2,"balanced",6,6,2,1,10,0,TRUE,FALSE
463,3,"sheep",10,10,4,3,14,0,FALSE,FALSE
464,1,"balanced",4,4,0,2,5,0,FALSE,FALSE
464,2,"ore_grain",2,2,2,0,3,2,FALSE,FALSE
464,3,"sheep",9,10,5,1,8,0,TRUE,FALSE
465,1,"ore_grain",4,4,4,0,11,1,FALSE,FALSE
465,2,"balanced",8,10,0,4,8,0,FALSE,FALSE
465,3,"sheep",4,4,2,0,15,0,TRUE,FALSE
466,1,"sheep",7,8,3,1,6,0,TRUE,FALSE
466,2,"balanced",8,9,0,4,8,0,FALSE,FALSE
466,3,"ore_grain",8,10,0,4,9,0,FALSE,FALSE
467,1,"sheep",5,5,3,0,10,0,TRUE,FALSE
467,2,"ore_grain",4,5,4,0,7,1,FALSE,FALSE
467,3,"balanced",7,10,3,2,10,0,FALSE,FALSE
468,1,"ore_grain",3,3,1,1,4,0,FALSE,FALSE
468,2,"sheep",4,4,2,0,6,0,TRUE,FALSE
468,3,"balanced",9,10,1,4,7,0,FALSE,FALSE
469,1,"sheep",5,5,3,1,9,0,FALSE,FALSE
469,2,"ore_grain",5,8,1,2,5,1,FALSE,FALSE
469,3,"balanced",9,10,5,1,8,0,TRUE,FALSE
470,1,"sheep",7,8,3,1,11,0,TRUE,FALSE
470,2,"balanced",8,10,2,3,10,0,FALSE,FALSE
470,3,"ore_grain",6,7,0,2,7,4,FALSE,TRUE
471,1,"balanced",8,10,2,2,12,0,TRUE,FALSE
471,2,"ore_grain",6,7,0,2,7,3,FALSE,TRUE
471,3,"sheep",5,6,5,0,9,0,FALSE,FALSE
472,1,"balanced",8,10,4,2,8,0,FALSE,FALSE
472,2,"ore_grain",6,6,0,3,11,0,FALSE,FALSE
472,3,"sheep",4,6,2,0,10,0,TRUE,FALSE
473,1,"balanced",9,10,1,4,9,0,FALSE,FALSE
473,2,"ore_grain",4,5,2,1,6,1,FALSE,FALSE
473,3,"sheep",4,4,2,0,12,0,TRUE,FALSE
474,1,"balanced",5,7,5,0,14,0,FALSE,FALSE
474,2,"sheep",3,3,3,0,12,0,FALSE,FALSE
474,3,"ore_grain",8,11,4,0,9,4,TRUE,TRUE
475,1,"ore_grain",8,10,0,4,7,0,FALSE,FALSE
475,2,"sheep",5,5,3,0,14,0,TRUE,FALSE
475,3,"balanced",6,6,2,2,7,0,FALSE,FALSE
476,1,"sheep",2,2,2,0,6,0,FALSE,FALSE
476,2,"ore_grain",5,8,1,2,7,1,FALSE,FALSE
476,3,"balanced",11,11,1,4,7,0,TRUE,FALSE
477,1,"balanced",9,10,1,4,10,0,FALSE,FALSE
477,2,"sheep",5,5,5,0,8,0,FALSE,FALSE
477,3,"ore_grain",8,9,2,2,7,0,TRUE,FALSE
478,1,"sheep",3,3,3,0,6,0,FALSE,FALSE
478,2,"ore_grain",11,12,1,4,8,3,FALSE,TRUE
478,3,"balanced",3,4,1,1,3,0,FALSE,FALSE
479,1,"sheep",6,6,4,0,6,0,TRUE,FALSE
479,2,"ore_grain",8,10,2,2,9,6,FALSE,TRUE
479,3,"balanced",6,7,4,1,10,0,FALSE,FALSE
480,1,"ore_grain",7,8,3,1,6,3,FALSE,TRUE
480,2,"balanced",11,11,1,4,13,0,TRUE,FALSE
480,3,"sheep",3,6,3,0,9,0,FALSE,FALSE
481,1,"ore_grain",2,2,2,0,12,0,FALSE,FALSE
481,2,"balanced",9,10,5,1,14,0,TRUE,FALSE
481,3,"sheep",2,3,2,0,15,0,FALSE,FALSE
482,1,"balanced",4,5,2,1,4,0,FALSE,FALSE
482,2,"sheep",3,4,3,0,5,0,FALSE,FALSE
482,3,"ore_grain",10,10,0,4,9,5,FALSE,TRUE
483,1,"ore_grain",10,10,2,4,8,1,FALSE,FALSE
483,2,"sheep",4,5,2,0,11,0,TRUE,FALSE
483,3,"balanced",3,5,1,1,8,0,FALSE,FALSE
484,1,"ore_grain",10,10,0,4,9,2,TRUE,FALSE
484,2,"balanced",4,6,4,0,9,0,FALSE,FALSE
484,3,"sheep",4,4,4,0,7,0,FALSE,FALSE
485,1,"sheep",3,3,3,0,7,0,FALSE,FALSE
485,2,"ore_grain",8,10,2,2,8,0,TRUE,FALSE
485,3,"balanced",3,3,3,0,6,0,FALSE,FALSE
486,1,"sheep",5,5,3,0,15,0,TRUE,FALSE
486,2,"ore_grain",4,5,4,0,10,1,FALSE,FALSE
486,3,"balanced",7,10,5,1,12,0,FALSE,FALSE
487,1,"balanced",7,8,5,0,11,0,TRUE,FALSE
487,2,"ore_grain",6,6,4,0,6,5,FALSE,TRUE
487,3,"sheep",7,10,3,2,9,0,FALSE,FALSE
488,1,"sheep",4,5,4,0,10,0,FALSE,FALSE
488,2,"ore_grain",10,10,0,4,7,0,TRUE,FALSE
488,3,"balanced",8,8,4,2,9,0,FALSE,FALSE
489,1,"ore_grain",6,6,0,3,9,0,FALSE,FALSE
489,2,"sheep",5,6,5,0,9,0,FALSE,FALSE
489,3,"balanced",7,10,1,2,10,0,TRUE,FALSE
490,1,"sheep",6,7,2,2,10,0,FALSE,FALSE
490,2,"ore_grain",7,7,1,3,10,1,FALSE,FALSE
490,3,"balanced",10,12,4,2,10,0,TRUE,FALSE
491,1,"sheep",5,6,5,0,12,0,FALSE,FALSE
491,2,"balanced",4,6,0,2,8,0,FALSE,FALSE
491,3,"ore_grain",9,10,1,2,14,3,TRUE,TRUE
492,1,"sheep",2,2,2,0,15,0,FALSE,FALSE
492,2,"ore_grain",8,9,0,3,6,6,FALSE,TRUE
492,3,"balanced",9,11,5,1,11,0,TRUE,FALSE
493,1,"sheep",4,6,4,0,8,0,FALSE,FALSE
493,2,"balanced",10,10,4,2,14,0,TRUE,FALSE
493,3,"ore_grain",6,7,4,0,11,8,FALSE,TRUE
494,1,"ore_grain",8,10,0,4,5,1,FALSE,FALSE
494,2,"sheep",2,4,2,0,6,0,FALSE,FALSE
494,3,"balanced",6,6,0,3,6,0,FALSE,FALSE
495,1,"ore_grain",10,10,0,3,15,3,TRUE,TRUE
495,2,"sheep",3,4,3,0,13,0,FALSE,FALSE
495,3,"balanced",5,9,5,0,13,0,FALSE,FALSE
496,1,"balanced",5,9,5,0,12,0,FALSE,FALSE
496,2,"ore_grain",6,7,0,3,12,1,FALSE,FALSE
496,3,"sheep",10,10,4,2,12,0,TRUE,FALSE
497,1,"ore_grain",8,8,0,4,6,1,FALSE,FALSE
497,2,"balanced",2,5,2,0,8,0,FALSE,FALSE
497,3,"sheep",8,10,4,1,8,0,TRUE,FALSE
498,1,"balanced",8,10,2,3,10,0,FALSE,FALSE
498,2,"ore_grain",10,10,0,4,6,7,FALSE,TRUE
498,3,"sheep",7,9,5,0,12,0,TRUE,FALSE
499,1,"ore_grain",10,10,0,4,6,3,FALSE,TRUE
499,2,"balanced",7,7,5,1,11,0,FALSE,FALSE
499,3,"sheep",4,4,2,0,12,0,TRUE,FALSE
500,1,"sheep",4,5,4,0,8,0,FALSE,FALSE
500,2,"ore_grain",9,10,1,3,5,3,FALSE,TRUE
500,3,"balanced",8,9,4,1,11,0,TRUE,FALSE
501,1,"ore_grain",2,4,2,0,6,0,FALSE,FALSE
501,2,"balanced",9,11,5,1,12,0,TRUE,FALSE
501,3,"sheep",2,2,2,0,10,0,FALSE,FALSE
502,1,"balanced",3,4,3,0,7,0,FALSE,FALSE
502,2,"ore_grain",10,10,0,4,9,2,TRUE,FALSE
502,3,"sheep",3,4,3,0,13,0,FALSE,FALSE
503,1,"balanced",6,6,4,0,8,0,TRUE,FALSE
503,2,"sheep",4,5,0,2,7,0,FALSE,FALSE
503,3,"ore_grain",8,10,0,3,6,4,FALSE,TRUE
504,1,"ore_grain",9,10,1,3,8,3,FALSE,TRUE
504,2,"balanced",6,9,0,3,5,0,FALSE,FALSE
504,3,"sheep",7,8,3,2,14,0,FALSE,FALSE
505,1,"ore_grain",10,10,0,4,8,1,TRUE,FALSE
505,2,"sheep",3,4,3,0,6,0,FALSE,FALSE
505,3,"balanced",3,3,3,0,7,0,FALSE,FALSE
506,1,"balanced",6,7,2,2,12,0,FALSE,FALSE
506,2,"ore_grain",8,10,0,3,12,3,FALSE,TRUE
506,3,"sheep",7,9,5,0,15,0,TRUE,FALSE
507,1,"ore_grain",8,9,2,2,6,3,FALSE,TRUE
507,2,"balanced",6,7,4,1,7,0,FALSE,FALSE
507,3,"sheep",10,11,2,3,10,0,TRUE,FALSE
508,1,"sheep",8,8,4,1,14,0,TRUE,FALSE
508,2,"ore_grain",7,7,1,2,6,3,FALSE,TRUE
508,3,"balanced",7,11,5,1,10,0,FALSE,FALSE
509,1,"balanced",5,6,3,0,6,0,TRUE,FALSE
509,2,"ore_grain",9,10,1,4,7,0,FALSE,FALSE
509,3,"sheep",3,3,3,0,6,0,FALSE,FALSE
510,1,"balanced",2,2,2,0,9,0,FALSE,FALSE
510,2,"sheep",2,3,2,0,8,0,FALSE,FALSE
510,3,"ore_grain",8,10,4,1,8,0,TRUE,FALSE
511,1,"ore_grain",5,7,3,1,9,0,FALSE,FALSE
511,2,"balanced",9,10,1,4,7,0,FALSE,FALSE
511,3,"sheep",6,8,4,0,9,0,TRUE,FALSE
512,1,"ore_grain",6,6,0,2,6,4,FALSE,TRUE
512,2,"sheep",5,5,5,0,12,0,FALSE,FALSE
512,3,"balanced",8,10,4,1,9,0,TRUE,FALSE
513,1,"sheep",3,5,3,0,6,0,FALSE,FALSE
513,2,"balanced",9,11,5,1,14,0,TRUE,FALSE
513,3,"ore_grain",4,4,2,1,8,0,FALSE,FALSE
514,1,"ore_grain",8,10,2,2,8,5,FALSE,TRUE
514,2,"sheep",4,4,2,0,10,0,TRUE,FALSE
514,3,"balanced",3,3,3,0,6,0,FALSE,FALSE
515,1,"ore_grain",4,4,2,0,11,0,TRUE,FALSE
515,2,"sheep",8,10,2,3,9,0,FALSE,FALSE
515,3,"balanced",2,2,2,0,8,0,FALSE,FALSE
516,1,"sheep",2,4,2,0,12,0,FALSE,FALSE
516,2,"balanced",10,10,2,3,9,0,TRUE,FALSE
516,3,"ore_grain",7,8,1,3,8,0,FALSE,FALSE
517,1,"balanced",3,5,1,1,8,0,FALSE,FALSE
517,2,"ore_grain",9,10,1,4,8,2,FALSE,FALSE
517,3,"sheep",7,9,5,0,8,0,TRUE,FALSE
518,1,"sheep",5,5,5,0,12,0,FALSE,FALSE
518,2,"ore_grain",6,8,4,1,9,1,FALSE,FALSE
518,3,"balanced",10,10,4,2,12,0,TRUE,FALSE
519,1,"balanced",5,6,5,0,7,0,FALSE,FALSE
519,2,"ore_grain",9,10,1,3,7,6,FALSE,TRUE
519,3,"sheep",6,7,2,1,8,0,TRUE,FALSE
520,1,"sheep",3,3,3,0,13,0,FALSE,FALSE
520,2,"balanced",8,10,4,1,9,0,TRUE,FALSE
520,3,"ore_grain",8,8,0,4,6,0,FALSE,FALSE
521,1,"ore_grain",10,10,0,4,7,3,FALSE,TRUE
521,2,"balanced",2,4,2,0,10,0,FALSE,FALSE
521,3,"sheep",5,6,3,0,15,0,TRUE,FALSE
522,1,"ore_grain",9,10,1,4,9,1,FALSE,FALSE
522,2,"sheep",4,5,2,0,12,0,TRUE,FALSE
522,3,"balanced",2,2,2,0,13,0,FALSE,FALSE
523,1,"ore_grain",2,3,2,0,4,0,FALSE,FALSE
523,2,"balanced",9,10,3,2,10,0,TRUE,FALSE
523,3,"sheep",3,4,1,1,9,0,FALSE,FALSE
524,1,"sheep",6,6,4,0,8,0,TRUE,FALSE
524,2,"balanced",5,6,3,1,6,0,FALSE,FALSE
524,3,"ore_grain",9,10,1,3,6,4,FALSE,TRUE
525,1,"sheep",4,5,2,1,6,0,FALSE,FALSE
525,2,"ore_grain",10,10,0,4,11,2,TRUE,FALSE
525,3,"balanced",7,9,1,3,15,0,FALSE,FALSE
526,1,"balanced",7,10,1,3,6,0,FALSE,FALSE
526,2,"sheep",4,4,4,0,9,0,FALSE,FALSE
526,3,"ore_grain",8,8,0,3,7,0,TRUE,FALSE
527,1,"ore_grain",8,10,0,3,11,6,FALSE,TRUE
527,2,"balanced",6,9,0,3,5,0,FALSE,FALSE
527,3,"sheep",5,5,3,0,15,0,TRUE,FALSE
528,1,"sheep",4,5,2,0,13,0,TRUE,FALSE
528,2,"balanced",3,6,3,0,6,0,FALSE,FALSE
528,3,"ore_grain",9,10,5,1,10,4,FALSE,TRUE
529,1,"balanced",8,10,4,2,9,0,FALSE,FALSE
529,2,"sheep",6,6,0,3,11,0,FALSE,FALSE
529,3,"ore_grain",3,3,3,0,4,0,FALSE,FALSE
530,1,"sheep",4,4,4,0,10,0,FALSE,FALSE
530,2,"balanced",2,3,2,0,10,0,FALSE,FALSE
530,3,"ore_grain",8,10,4,0,7,3,TRUE,TRUE
531,1,"balanced",8,10,4,1,9,0,TRUE,FALSE
531,2,"ore_grain",8,8,0,3,5,3,FALSE,TRUE
531,3,"sheep",7,9,5,1,13,0,FALSE,FALSE
532,1,"sheep",4,4,4,0,9,0,FALSE,FALSE
532,2,"ore_grain",4,4,4,0,6,1,FALSE,FALSE
532,3,"balanced",8,10,2,2,12,0,TRUE,FALSE
533,1,"balanced",9,10,1,3,9,0,TRUE,FALSE
533,2,"ore_grain",10,10,0,4,7,3,FALSE,TRUE
533,3,"sheep",3,5,1,1,7,0,FALSE,FALSE
534,1,"ore_grain",7,10,1,3,6,2,FALSE,FALSE
534,2,"sheep",7,7,5,0,13,0,TRUE,FALSE
534,3,"balanced",7,9,3,2,14,0,FALSE,FALSE
535,1,"balanced",5,6,3,0,11,0,TRUE,FALSE
535,2,"ore_grain",6,8,0,3,12,1,FALSE,FALSE
535,3,"sheep",9,11,5,2,11,0,FALSE,FALSE
536,1,"balanced",6,8,0,3,5,0,FALSE,FALSE
536,2,"sheep",6,6,4,0,10,0,TRUE,FALSE
536,3,"ore_grain",8,10,0,3,5,4,FALSE,TRUE
537,1,"sheep",7,8,5,0,12,0,TRUE,FALSE
537,2,"ore_grain",9,10,1,3,9,3,FALSE,TRUE
537,3,"balanced",8,10,2,3,7,0,FALSE,FALSE
538,1,"ore_grain",2,2,2,0,9,1,FALSE,FALSE
538,2,"balanced",8,8,4,1,11,0,TRUE,FALSE
538,3,"sheep",9,10,3,3,9,0,FALSE,FALSE
539,1,"sheep",4,5,2,1,7,0,FALSE,FALSE
539,2,"ore_grain",8,9,0,4,10,0,FALSE,FALSE
539,3,"balanced",7,10,5,0,15,0,TRUE,FALSE
540,1,"sheep",4,4,2,0,12,0,TRUE,FALSE
540,2,"balanced",2,2,2,0,6,0,FALSE,FALSE
540,3,"ore_grain",8,10,0,4,6,1,FALSE,FALSE
541,1,"ore_grain",2,3,2,0,9,0,FALSE,FALSE
541,2,"balanced",5,7,5,0,11,0,FALSE,FALSE
541,3,"sheep",8,10,4,1,11,0,TRUE,FALSE
542,1,"balanced",5,6,5,0,12,0,FALSE,FALSE
542,2,"sheep",6,7,4,0,9,0,TRUE,FALSE
542,3,"ore_grain",10,10,2,4,8,0,FALSE,FALSE
543,1,"ore_grain",6,7,2,2,11,1,FALSE,FALSE
543,2,"sheep",7,7,5,0,9,0,TRUE,FALSE
543,3,"balanced",6,10,2,2,10,0,FALSE,FALSE
544,1,"balanced",6,6,0,3,4,0,FALSE,FALSE
544,2,"sheep",5,6,5,0,7,0,FALSE,FALSE
544,3,"ore_grain",11,11,1,3,8,3,TRUE,TRUE
545,1,"sheep",6,8,4,1,8,0,FALSE,FALSE
545,2,"ore_grain",10,12,0,4,8,3,FALSE,TRUE
545,3,"balanced",5,6,1,2,5,0,FALSE,FALSE
546,1,"ore_grain",10,10,0,3,6,3,TRUE,TRUE
546,2,"sheep",2,2,2,0,7,0,FALSE,FALSE
546,3,"balanced",2,4,2,0,4,0,FALSE,FALSE
547,1,"ore_grain",6,8,4,0,9,6,FALSE,TRUE
547,2,"sheep",9,10,3,2,9,0,TRUE,FALSE
547,3,"balanced",6,8,0,3,7,0,FALSE,FALSE
548,1,"sheep",2,2,2,0,4,0,FALSE,FALSE
548,2,"balanced",2,2,2,0,3,0,FALSE,FALSE
548,3,"ore_grain",10,11,0,4,6,0,TRUE,FALSE
549,1,"ore_grain",2,5,2,0,8,0,FALSE,FALSE
549,2,"balanced",10,10,2,3,12,0,TRUE,FALSE
549,3,"sheep",8,10,2,3,10,0,FALSE,FALSE
550,1,"sheep",5,8,5,0,11,0,FALSE,FALSE
550,2,"balanced",7,7,5,0,8,0,TRUE,FALSE
550,3,"ore_grain",10,10,2,3,10,5,FALSE,TRUE
551,1,"balanced",2,5,2,0,5,0,FALSE,FALSE
551,2,"sheep",5,5,5,0,10,0,FALSE,FALSE
551,3,"ore_grain",11,12,3,2,14,3,TRUE,TRUE
552,1,"sheep",4,4,2,0,10,0,TRUE,FALSE
552,2,"ore_grain",7,9,3,1,6,3,FALSE,TRUE
552,3,"balanced",10,10,2,4,10,0,FALSE,FALSE
553,1,"ore_grain",4,4,2,1,6,0,FALSE,FALSE
553,2,"balanced",7,10,5,0,10,0,TRUE,FALSE
553,3,"sheep",3,3,3,0,13,0,FALSE,FALSE
554,1,"sheep",2,2,2,0,12,0,FALSE,FALSE
554,2,"balanced",6,7,4,0,12,0,TRUE,FALSE
554,3,"ore_grain",9,10,1,3,6,3,FALSE,TRUE
555,1,"balanced",8,9,4,2,10,0,FALSE,FALSE
555,2,"sheep",2,2,2,0,11,0,FALSE,FALSE
555,3,"ore_grain",9,11,5,0,12,6,TRUE,TRUE
556,1,"ore_grain",7,10,1,3,8,1,FALSE,FALSE
556,2,"balanced",8,8,0,3,12,0,TRUE,FALSE
556,3,"sheep",5,7,5,0,9,0,FALSE,FALSE
557,1,"sheep",4,4,2,0,8,0,TRUE,FALSE
557,2,"ore_grain",5,5,1,2,5,0,FALSE,FALSE
557,3,"balanced",7,10,1,3,5,0,FALSE,FALSE
558,1,"sheep",5,6,3,0,9,0,TRUE,FALSE
558,2,"balanced",6,7,4,1,10,0,FALSE,FALSE
558,3,"ore_grain",9,10,1,3,7,3,FALSE,TRUE
559,1,"ore_grain",8,10,0,4,6,0,FALSE,FALSE
559,2,"balanced",7,9,5,0,11,0,TRUE,FALSE
559,3,"sheep",3,3,3,0,5,0,FALSE,FALSE
560,1,"sheep",4,4,2,0,8,0,TRUE,FALSE
560,2,"balanced",4,6,0,2,5,0,FALSE,FALSE
560,3,"ore_grain",9,10,1,3,7,3,FALSE,TRUE
561,1,"sheep",2,3,2,0,9,0,FALSE,FALSE
561,2,"balanced",2,3,2,0,5,0,FALSE,FALSE
561,3,"ore_grain",10,10,0,4,7,2,TRUE,FALSE
562,1,"ore_grain",6,7,0,2,7,4,FALSE,TRUE
562,2,"sheep",5,5,3,0,7,0,TRUE,FALSE
562,3,"balanced",10,10,4,3,15,0,FALSE,FALSE
563,1,"balanced",6,7,0,3,5,0,FALSE,FALSE
563,2,"sheep",4,4,2,0,9,0,TRUE,FALSE
563,3,"ore_grain",10,10,4,2,9,4,FALSE,TRUE
564,1,"balanced",8,10,0,3,10,0,TRUE,FALSE
564,2,"ore_grain",6,7,0,3,5,1,FALSE,FALSE
564,3,"sheep",4,5,0,2,8,0,FALSE,FALSE
565,1,"sheep",5,7,5,0,14,0,FALSE,FALSE
565,2,"ore_grain",9,10,3,2,7,4,FALSE,TRUE
565,3,"balanced",7,8,5,0,12,0,TRUE,FALSE
566,1,"sheep",2,3,2,0,10,0,FALSE,FALSE
566,2,"balanced",8,10,4,1,10,0,TRUE,FALSE
566,3,"ore_grain",5,7,3,1,7,0,FALSE,FALSE
567,1,"sheep",4,6,2,1,4,0,FALSE,FALSE
567,2,"ore_grain",7,8,1,2,7,3,FALSE,TRUE
567,3,"balanced",8,10,0,4,7,0,FALSE,FALSE
568,1,"ore_grain",5,8,1,2,8,1,FALSE,FALSE
568,2,"balanced",9,10,1,3,9,0,TRUE,FALSE
568,3,"sheep",2,2,2,0,12,0,FALSE,FALSE
569,1,"ore_grain",4,4,0,2,9,1,FALSE,FALSE
569,2,"sheep",3,3,3,0,10,0,FALSE,FALSE
569,3,"balanced",8,10,0,3,8,0,TRUE,FALSE
570,1,"sheep",2,2,2,0,8,0,FALSE,FALSE
570,2,"balanced",10,10,4,2,10,0,TRUE,FALSE
570,3,"ore_grain",3,4,3,0,7,0,FALSE,FALSE
571,1,"sheep",3,3,3,0,9,0,FALSE,FALSE
571,2,"balanced",5,6,1,2,6,0,FALSE,FALSE
571,3,"ore_grain",9,10,5,0,9,4,TRUE,TRUE
572,1,"balanced",9,9,1,3,12,0,TRUE,FALSE
572,2,"ore_grain",7,10,1,3,9,0,FALSE,FALSE
572,3,"sheep",7,9,5,1,12,0,FALSE,FALSE
573,1,"balanced",8,9,0,4,6,0,FALSE,FALSE
573,2,"sheep",5,6,3,0,12,0,TRUE,FALSE
573,3,"ore_grain",9,10,1,3,8,4,FALSE,TRUE
574,1,"ore_grain",4,5,2,1,5,0,FALSE,FALSE
574,2,"sheep",7,8,5,0,10,0,TRUE,FALSE
574,3,"balanced",9,10,3,3,12,0,FALSE,FALSE
575,1,"ore_grain",2,3,2,0,5,2,FALSE,FALSE
575,2,"sheep",2,2,2,0,5,0,FALSE,FALSE
575,3,"balanced",8,10,4,1,12,0,TRUE,FALSE
576,1,"ore_grain",9,10,3,2,12,4,FALSE,TRUE
576,2,"balanced",6,9,4,1,15,0,FALSE,FALSE
576,3,"sheep",8,9,4,1,13,0,TRUE,FALSE
577,1,"ore_grain",8,10,0,4,6,1,FALSE,FALSE
577,2,"balanced",3,3,3,0,6,0,FALSE,FALSE
577,3,"sheep",5,8,5,0,9,0,FALSE,FALSE
578,1,"sheep",9,9,5,1,12,0,TRUE,FALSE
578,2,"ore_grain",10,10,0,4,9,3,FALSE,TRUE
578,3,"balanced",7,8,5,1,15,0,FALSE,FALSE
579,1,"balanced",4,5,4,0,9,0,FALSE,FALSE
579,2,"sheep",7,8,5,0,10,0,TRUE,FALSE
579,3,"ore_grain",7,10,1,3,7,2,FALSE,FALSE
580,1,"balanced",7,10,1,2,7,0,TRUE,FALSE
580,2,"sheep",5,6,5,0,9,0,FALSE,FALSE
580,3,"ore_grain",7,8,1,2,4,7,FALSE,TRUE
581,1,"sheep",8,9,4,1,8,0,TRUE,FALSE
581,2,"ore_grain",10,10,0,4,6,3,FALSE,TRUE
581,3,"balanced",5,6,3,1,10,0,FALSE,FALSE
582,1,"balanced",2,4,2,0,4,0,FALSE,FALSE
582,2,"ore_grain",8,10,2,3,8,2,FALSE,FALSE
582,3,"sheep",9,9,5,1,10,0,TRUE,FALSE
583,1,"ore_grain",9,10,1,3,11,4,FALSE,TRUE
583,2,"balanced",4,8,0,2,3,0,FALSE,FALSE
583,3,"sheep",8,8,4,1,15,0,TRUE,FALSE
584,1,"sheep",3,6,3,0,5,0,FALSE,FALSE
584,2,"ore_grain",10,10,0,4,6,3,FALSE,TRUE
584,3,"balanced",2,4,2,0,3,0,FALSE,FALSE
585,1,"balanced",5,7,3,1,10,0,FALSE,FALSE
585,2,"ore_grain",9,10,1,3,8,5,FALSE,TRUE
585,3,"sheep",6,7,4,0,11,0,TRUE,FALSE
586,1,"balanced",3,3,3,0,8,0,FALSE,FALSE
586,2,"ore_grain",9,10,1,4,8,1,FALSE,FALSE
586,3,"sheep",4,5,2,0,11,0,TRUE,FALSE
587,1,"balanced",6,6,4,0,14,0,TRUE,FALSE
587,2,"sheep",4,6,4,0,10,0,FALSE,FALSE
587,3,"ore_grain",8,10,0,4,9,1,FALSE,FALSE
588,1,"ore_grain",3,4,3,0,7,0,FALSE,FALSE
588,2,"balanced",10,10,4,2,15,0,TRUE,FALSE
588,3,"sheep",5,6,5,0,15,0,FALSE,FALSE
589,1,"sheep",2,2,2,0,4,0,FALSE,FALSE
589,2,"ore_grain",4,4,4,0,5,0,FALSE,FALSE
589,3,"balanced",8,10,4,1,7,0,TRUE,FALSE
590,1,"ore_grain",10,10,0,4,9,1,TRUE,FALSE
590,2,"balanced",4,5,4,0,7,0,FALSE,FALSE
590,3,"sheep",2,2,2,0,7,0,FALSE,FALSE
591,1,"sheep",2,6,2,0,2,0,FALSE,FALSE
591,2,"ore_grain",6,6,0,3,11,2,FALSE,FALSE
591,3,"balanced",9,10,5,1,14,0,TRUE,FALSE
592,1,"balanced",5,5,5,0,8,0,FALSE,FALSE
592,2,"ore_grain",3,3,1,1,5,2,FALSE,FALSE
592,3,"sheep",10,10,4,2,8,0,TRUE,FALSE
593,1,"sheep",3,3,3,0,5,0,FALSE,FALSE
593,2,"ore_grain",6,6,2,2,6,0,FALSE,FALSE
593,3,"balanced",9,10,1,3,8,0,TRUE,FALSE
594,1,"balanced",6,7,0,3,9,0,FALSE,FALSE
594,2,"sheep",7,7,5,0,9,0,TRUE,FALSE
594,3,"ore_grain",8,10,2,3,7,2,FALSE,FALSE
595,1,"sheep",5,5,3,0,8,0,TRUE,FALSE
595,2,"balanced",4,5,4,0,6,0,FALSE,FALSE
595,3,"ore_grain",7,10,3,1,9,4,FALSE,TRUE
596,1,"sheep",7,7,5,0,15,0,TRUE,FALSE
596,2,"balanced",7,7,5,1,13,0,FALSE,FALSE
596,3,"ore_grain",11,12,1,4,9,3,FALSE,TRUE
597,1,"sheep",3,3,3,0,4,0,FALSE,FALSE
597,2,"ore_grain",4,4,4,0,7,1,FALSE,FALSE
597,3,"balanced",7,10,3,1,7,0,TRUE,FALSE
598,1,"ore_grain",9,10,1,3,7,3,FALSE,TRUE
598,2,"balanced",6,9,4,1,10,0,FALSE,FALSE
598,3,"sheep",9,9,5,1,9,0,TRUE,FALSE
599,1,"ore_grain",4,4,2,1,5,1,FALSE,FALSE
599,2,"balanced",11,11,1,4,10,0,TRUE,FALSE
599,3,"sheep",6,7,4,1,10,0,FALSE,FALSE
600,1,"ore_grain",2,4,2,0,10,1,FALSE,FALSE
600,2,"balanced",9,10,5,1,12,0,TRUE,FALSE
600,3,"sheep",3,4,3,0,14,0,FALSE,FALSE
601,1,"sheep",5,6,3,0,12,0,TRUE,FALSE
601,2,"balanced",7,10,1,3,5,0,FALSE,FALSE
601,3,"ore_grain",6,7,0,3,8,1,FALSE,FALSE
602,1,"ore_grain",10,10,0,4,7,4,FALSE,TRUE
602,2,"sheep",3,3,3,0,8,0,FALSE,FALSE
602,3,"balanced",5,6,3,0,8,0,TRUE,FALSE
603,1,"sheep",6,7,4,1,9,0,FALSE,FALSE
603,2,"ore_grain",6,8,2,1,9,3,FALSE,TRUE
603,3,"balanced",9,10,5,1,9,0,TRUE,FALSE
604,1,"ore_grain",6,6,0,3,4,0,FALSE,FALSE
604,2,"balanced",4,4,2,1,8,0,FALSE,FALSE
604,3,"sheep",9,10,5,1,11,0,TRUE,FALSE
605,1,"ore_grain",5,5,3,1,8,1,FALSE,FALSE
605,2,"balanced",7,10,5,1,8,0,FALSE,FALSE
605,3,"sheep",5,5,3,0,11,0,TRUE,FALSE
606,1,"ore_grain",8,8,0,4,5,0,FALSE,FALSE
606,2,"balanced",9,10,3,2,10,0,TRUE,FALSE
606,3,"sheep",6,9,4,1,12,0,FALSE,FALSE
607,1,"sheep",10,10,2,3,15,0,TRUE,FALSE
607,2,"ore_grain",3,4,3,0,12,1,FALSE,FALSE
607,3,"balanced",7,9,1,3,7,0,FALSE,FALSE
608,1,"balanced",7,8,3,2,10,0,FALSE,FALSE
608,2,"sheep",9,9,3,2,9,0,TRUE,FALSE
608,3,"ore_grain",8,10,0,3,8,3,FALSE,TRUE
609,1,"balanced",5,8,3,1,6,0,FALSE,FALSE
609,2,"sheep",3,4,3,0,9,0,FALSE,FALSE
609,3,"ore_grain",10,10,0,4,8,1,TRUE,FALSE
610,1,"sheep",4,4,2,1,9,0,FALSE,FALSE
610,2,"balanced",7,8,5,0,11,0,TRUE,FALSE
610,3,"ore_grain",9,10,1,4,9,2,FALSE,FALSE
611,1,"ore_grain",9,10,1,3,5,3,FALSE,TRUE
611,2,"balanced",3,5,3,0,6,0,FALSE,FALSE
611,3,"sheep",2,3,2,0,7,0,FALSE,FALSE
612,1,"ore_grain",6,8,4,1,8,2,FALSE,FALSE
612,2,"sheep",10,10,4,2,13,0,TRUE,FALSE
612,3,"balanced",9,9,3,3,11,0,FALSE,FALSE
613,1,"balanced",7,8,1,3,8,0,FALSE,FALSE
613,2,"ore_grain",8,9,0,3,10,0,TRUE,FALSE
613,3,"sheep",7,10,5,1,15,0,FALSE,FALSE
614,1,"balanced",7,9,5,1,15,0,FALSE,FALSE
614,2,"sheep",7,8,5,0,13,0,TRUE,FALSE
614,3,"ore_grain",10,10,0,4,6,6,FALSE,TRUE
615,1,"balanced",4,5,2,0,15,0,TRUE,FALSE
615,2,"sheep",2,2,2,0,10,0,FALSE,FALSE
615,3,"ore_grain",7,10,1,3,8,1,FALSE,FALSE
616,1,"sheep",2,2,2,0,5,0,FALSE,FALSE
616,2,"balanced",3,3,3,0,5,0,FALSE,FALSE
616,3,"ore_grain",10,10,0,4,6,3,FALSE,TRUE
617,1,"balanced",6,8,4,1,10,0,FALSE,FALSE
617,2,"ore_grain",5,6,1,2,8,1,FALSE,FALSE
617,3,"sheep",9,10,3,2,12,0,TRUE,FALSE
618,1,"ore_grain",8,10,2,2,4,3,FALSE,TRUE
618,2,"balanced",6,8,0,3,8,0,FALSE,FALSE
618,3,"sheep",3,4,3,0,5,0,FALSE,FALSE
619,1,"sheep",6,6,4,0,11,0,TRUE,FALSE
619,2,"ore_grain",8,9,0,3,5,5,FALSE,TRUE
619,3,"balanced",9,11,3,3,9,0,FALSE,FALSE
620,1,"ore_grain",9,10,1,4,6,2,FALSE,FALSE
620,2,"sheep",4,4,2,0,8,0,TRUE,FALSE
620,3,"balanced",5,5,1,2,6,0,FALSE,FALSE
621,1,"ore_grain",3,4,3,0,3,1,FALSE,FALSE
621,2,"sheep",2,2,2,0,10,0,FALSE,FALSE
621,3,"balanced",9,11,1,3,10,0,TRUE,FALSE
622,1,"sheep",4,4,2,0,10,0,TRUE,FALSE
622,2,"balanced",3,5,3,0,7,0,FALSE,FALSE
622,3,"ore_grain",10,10,0,4,7,3,FALSE,TRUE
623,1,"balanced",9,10,1,3,13,0,TRUE,FALSE
623,2,"ore_grain",8,8,0,3,10,4,FALSE,TRUE
623,3,"sheep",5,8,5,0,9,0,FALSE,FALSE
624,1,"ore_grain",5,5,3,1,5,1,FALSE,FALSE
624,2,"balanced",5,6,5,0,10,0,FALSE,FALSE
624,3,"sheep",8,10,4,1,9,0,TRUE,FALSE
625,1,"balanced",4,5,2,1,3,0,FALSE,FALSE
625,2,"sheep",9,10,3,2,12,0,TRUE,FALSE
625,3,"ore_grain",2,2,2,0,10,0,FALSE,FALSE
626,1,"balanced",3,5,3,0,5,0,FALSE,FALSE
626,2,"ore_grain",4,4,0,2,5,0,FALSE,FALSE
626,3,"sheep",9,10,3,2,7,0,TRUE,FALSE
627,1,"balanced",5,5,3,1,8,0,FALSE,FALSE
627,2,"ore_grain",8,9,0,3,5,4,FALSE,TRUE
627,3,"sheep",8,10,4,1,9,0,TRUE,FALSE
628,1,"sheep",2,3,2,0,10,0,FALSE,FALSE
628,2,"balanced",8,10,2,3,9,0,FALSE,FALSE
628,3,"ore_grain",8,8,2,2,10,0,TRUE,FALSE
629,1,"balanced",2,3,2,0,2,0,FALSE,FALSE
629,2,"ore_grain",9,10,1,3,7,2,TRUE,FALSE
629,3,"sheep",2,3,2,0,7,0,FALSE,FALSE
630,1,"sheep",6,8,4,0,10,0,TRUE,FALSE
630,2,"balanced",5,5,5,0,12,0,FALSE,FALSE
630,3,"ore_grain",10,10,2,3,7,4,FALSE,TRUE
631,1,"sheep",8,10,4,1,10,0,TRUE,FALSE
631,2,"balanced",4,5,4,0,10,0,FALSE,FALSE
631,3,"ore_grain",5,5,1,2,6,0,FALSE,FALSE
632,1,"ore_grain",8,9,2,2,9,3,FALSE,TRUE
632,2,"balanced",6,6,4,0,9,0,TRUE,FALSE
632,3,"sheep",7,10,3,2,7,0,FALSE,FALSE
633,1,"ore_grain",4,4,2,1,7,1,FALSE,FALSE
633,2,"balanced",9,10,5,1,12,0,TRUE,FALSE
633,3,"sheep",3,4,3,0,5,0,FALSE,FALSE
634,1,"balanced",7,9,1,3,9,0,FALSE,FALSE
634,2,"ore_grain",10,10,2,3,10,0,TRUE,FALSE
634,3,"sheep",4,4,2,1,11,0,FALSE,FALSE
635,1,"balanced",9,10,1,3,7,0,TRUE,FALSE
635,2,"ore_grain",4,4,0,2,7,1,FALSE,FALSE
635,3,"sheep",2,2,2,0,9,0,FALSE,FALSE
636,1,"sheep",9,10,5,1,14,0,TRUE,FALSE
636,2,"balanced",4,7,4,0,8,0,FALSE,FALSE
636,3,"ore_grain",7,8,3,1,9,6,FALSE,TRUE
637,1,"sheep",7,10,5,0,13,0,TRUE,FALSE
637,2,"ore_grain",6,8,0,3,6,1,FALSE,FALSE
637,3,"balanced",4,4,2,1,9,0,FALSE,FALSE
638,1,"balanced",5,8,3,1,8,0,FALSE,FALSE
638,2,"sheep",7,9,5,0,13,0,TRUE,FALSE
638,3,"ore_grain",10,10,2,3,12,4,FALSE,TRUE
639,1,"sheep",5,5,3,0,8,0,TRUE,FALSE
639,2,"balanced",4,4,2,1,6,0,FALSE,FALSE
639,3,"ore_grain",7,10,1,2,7,4,FALSE,TRUE
640,1,"balanced",5,5,5,0,8,0,FALSE,FALSE
640,2,"ore_grain",4,4,0,2,11,1,FALSE,FALSE
640,3,"sheep",8,10,4,1,10,0,TRUE,FALSE
641,1,"balanced",4,5,2,1,4,0,FALSE,FALSE
641,2,"sheep",5,6,3,0,14,0,TRUE,FALSE
641,3,"ore_grain",8,10,0,4,9,1,FALSE,FALSE
642,1,"balanced",5,6,1,2,7,0,FALSE,FALSE
642,2,"sheep",6,6,4,0,12,0,TRUE,FALSE
642,3,"ore_grain",9,10,1,4,12,0,FALSE,FALSE
643,1,"balanced",4,4,4,0,8,0,FALSE,FALSE
643,2,"ore_grain",9,9,1,4,8,1,FALSE,FALSE
643,3,"sheep",7,10,5,0,12,0,TRUE,FALSE
644,1,"ore_grain",10,10,0,4,7,3,FALSE,TRUE
644,2,"balanced",4,4,0,2,9,0,FALSE,FALSE
644,3,"sheep",7,9,5,0,10,0,TRUE,FALSE
645,1,"ore_grain",9,10,1,3,6,3,FALSE,TRUE
645,2,"balanced",4,5,0,2,6,0,FALSE,FALSE
645,3,"sheep",4,4,2,0,12,0,TRUE,FALSE
646,1,"sheep",4,5,2,0,14,0,TRUE,FALSE
646,2,"ore_grain",11,11,1,4,9,3,FALSE,TRUE
646,3,"balanced",8,9,0,4,7,0,FALSE,FALSE
647,1,"sheep",9,10,3,2,8,0,TRUE,FALSE
647,2,"balanced",7,8,1,3,7,0,FALSE,FALSE
647,3,"ore_grain",2,3,2,0,4,1,FALSE,FALSE
648,1,"balanced",9,9,5,1,12,0,TRUE,FALSE
648,2,"ore_grain",4,6,4,0,6,2,FALSE,FALSE
648,3,"sheep",7,10,3,2,8,0,FALSE,FALSE
649,1,"balanced",5,6,3,1,7,0,FALSE,FALSE
649,2,"ore_grain",4,6,4,0,7,2,FALSE,FALSE
649,3,"sheep",9,10,3,2,8,0,TRUE,FALSE
650,1,"ore_grain",10,10,0,4,9,3,FALSE,TRUE
650,2,"balanced",3,4,3,0,12,0,FALSE,FALSE
650,3,"sheep",9,9,3,2,14,0,TRUE,FALSE
651,1,"sheep",7,10,5,0,13,0,TRUE,FALSE
651,2,"balanced",5,6,5,0,11,0,FALSE,FALSE
651,3,"ore_grain",9,10,1,4,10,0,FALSE,FALSE
652,1,"ore_grain",3,4,3,0,6,0,FALSE,FALSE
652,2,"sheep",4,6,4,0,7,0,FALSE,FALSE
652,3,"balanced",9,10,5,1,12,0,TRUE,FALSE
653,1,"balanced",9,10,3,2,8,0,TRUE,FALSE
653,2,"ore_grain",6,7,0,3,8,1,FALSE,FALSE
653,3,"sheep",2,3,2,0,6,0,FALSE,FALSE
654,1,"ore_grain",9,10,1,4,9,0,FALSE,FALSE
654,2,"balanced",7,8,5,0,15,0,TRUE,FALSE
654,3,"sheep",7,7,5,1,14,0,FALSE,FALSE
655,1,"balanced",10,10,2,4,15,0,FALSE,FALSE
655,2,"sheep",4,4,2,0,15,0,TRUE,FALSE
655,3,"ore_grain",2,3,2,0,6,0,FALSE,FALSE
656,1,"sheep",2,2,2,0,14,0,FALSE,FALSE
656,2,"balanced",11,11,3,3,15,0,TRUE,FALSE
656,3,"ore_grain",9,9,1,4,11,0,FALSE,FALSE
657,1,"ore_grain",10,10,2,3,8,3,FALSE,TRUE
657,2,"balanced",5,7,1,2,10,0,FALSE,FALSE
657,3,"sheep",4,5,2,0,11,0,TRUE,FALSE
658,1,"sheep",4,5,2,0,14,0,TRUE,FALSE
658,2,"ore_grain",7,7,1,2,13,3,FALSE,TRUE
658,3,"balanced",8,10,0,4,9,0,FALSE,FALSE
659,1,"sheep",2,4,2,0,14,0,FALSE,FALSE
659,2,"ore_grain",7,8,3,1,14,0,TRUE,FALSE
659,3,"balanced",8,10,4,2,12,0,FALSE,FALSE
660,1,"balanced",5,6,5,0,10,0,FALSE,FALSE
660,2,"sheep",9,9,5,1,11,0,TRUE,FALSE
660,3,"ore_grain",8,10,0,4,15,1,FALSE,FALSE
661,1,"sheep",4,6,4,0,10,0,FALSE,FALSE
661,2,"balanced",10,10,2,3,9,0,TRUE,FALSE
661,3,"ore_grain",9,10,1,4,11,0,FALSE,FALSE
662,1,"balanced",9,10,1,4,8,0,FALSE,FALSE
662,2,"ore_grain",5,5,1,1,6,0,TRUE,FALSE
662,3,"sheep",2,3,2,0,7,0,FALSE,FALSE
663,1,"balanced",4,7,0,2,2,0,FALSE,FALSE
663,2,"ore_grain",9,10,1,3,12,4,FALSE,TRUE
663,3,"sheep",6,7,4,0,15,0,TRUE,FALSE
664,1,"ore_grain",8,10,0,4,6,0,FALSE,FALSE
664,2,"balanced",7,8,5,0,15,0,TRUE,FALSE
664,3,"sheep",5,6,5,0,12,0,FALSE,FALSE
665,1,"balanced",6,6,0,2,8,0,TRUE,FALSE
665,2,"sheep",4,5,4,0,15,0,FALSE,FALSE
665,3,"ore_grain",9,10,3,2,9,5,FALSE,TRUE
666,1,"balanced",10,10,4,2,10,0,TRUE,FALSE
666,2,"ore_grain",4,5,4,0,7,1,FALSE,FALSE
666,3,"sheep",2,2,2,0,12,0,FALSE,FALSE
667,1,"balanced",10,10,2,4,9,0,FALSE,FALSE
667,2,"ore_grain",2,3,2,0,7,0,FALSE,FALSE
667,3,"sheep",6,6,4,0,7,0,TRUE,FALSE
668,1,"sheep",4,6,2,0,12,0,TRUE,FALSE
668,2,"balanced",6,7,2,2,6,0,FALSE,FALSE
668,3,"ore_grain",8,10,0,4,8,1,FALSE,FALSE
669,1,"ore_grain",8,10,0,4,9,1,FALSE,FALSE
669,2,"sheep",7,8,5,0,15,0,TRUE,FALSE
669,3,"balanced",7,9,5,1,10,0,FALSE,FALSE
670,1,"balanced",9,10,3,2,9,0,TRUE,FALSE
670,2,"sheep",3,3,1,1,9,0,FALSE,FALSE
670,3,"ore_grain",3,3,3,0,5,0,FALSE,FALSE
671,1,"ore_grain",4,4,0,2,8,1,FALSE,FALSE
671,2,"balanced",7,10,3,2,8,0,FALSE,FALSE
671,3,"sheep",6,7,4,0,15,0,TRUE,FALSE
672,1,"sheep",5,7,5,0,11,0,FALSE,FALSE
672,2,"balanced",7,9,5,0,10,0,TRUE,FALSE
672,3,"ore_grain",9,10,1,4,12,1,FALSE,FALSE
673,1,"ore_grain",7,9,1,3,8,1,FALSE,FALSE
673,2,"sheep",4,4,4,0,7,0,FALSE,FALSE
673,3,"balanced",10,11,0,4,8,0,TRUE,FALSE
674,1,"balanced",5,5,5,0,8,0,FALSE,FALSE
674,2,"sheep",2,3,2,0,8,0,FALSE,FALSE
674,3,"ore_grain",10,11,0,4,11,1,TRUE,FALSE
675,1,"sheep",4,4,2,1,5,0,FALSE,FALSE
675,2,"balanced",4,4,2,1,11,0,FALSE,FALSE
675,3,"ore_grain",8,10,0,3,6,3,FALSE,TRUE
676,1,"balanced",7,9,5,0,8,0,TRUE,FALSE
676,2,"sheep",2,2,2,0,11,0,FALSE,FALSE
676,3,"ore_grain",9,10,1,4,10,0,FALSE,FALSE
677,1,"balanced",10,10,2,3,15,0,TRUE,FALSE
677,2,"sheep",5,6,5,0,14,0,FALSE,FALSE
677,3,"ore_grain",5,6,3,1,9,2,FALSE,FALSE
678,1,"sheep",6,6,4,0,8,0,TRUE,FALSE
678,2,"balanced",2,4,2,0,8,0,FALSE,FALSE
678,3,"ore_grain",8,10,0,4,5,1,FALSE,FALSE
679,1,"ore_grain",8,10,2,3,8,1,FALSE,FALSE
679,2,"balanced",6,7,2,2,6,0,FALSE,FALSE
679,3,"sheep",4,4,2,0,8,0,TRUE,FALSE
680,1,"sheep",6,6,4,0,15,0,TRUE,FALSE
680,2,"balanced",8,10,0,4,12,0,FALSE,FALSE
680,3,"ore_grain",5,7,3,1,10,0,FALSE,FALSE
681,1,"sheep",5,5,5,0,7,0,FALSE,FALSE
681,2,"balanced",5,7,5,0,7,0,FALSE,FALSE
681,3,"ore_grain",7,10,3,1,8,1,TRUE,FALSE
682,1,"sheep",2,2,2,0,8,0,FALSE,FALSE
682,2,"balanced",4,7,0,2,3,0,FALSE,FALSE
682,3,"ore_grain",10,11,0,4,6,4,FALSE,TRUE
683,1,"sheep",4,6,4,0,8,0,FALSE,FALSE
683,2,"balanced",8,10,0,3,8,0,TRUE,FALSE
683,3,"ore_grain",3,3,3,0,10,1,FALSE,FALSE
684,1,"balanced",8,8,4,2,12,0,FALSE,FALSE
684,2,"ore_grain",10,10,2,3,12,5,FALSE,TRUE
684,3,"sheep",7,9,5,0,15,0,TRUE,FALSE
685,1,"balanced",9,11,5,1,9,0,TRUE,FALSE
685,2,"sheep",2,3,2,0,4,0,FALSE,FALSE
685,3,"ore_grain",7,9,3,1,6,3,FALSE,TRUE
686,1,"balanced",7,10,3,2,13,0,FALSE,FALSE
686,2,"ore_grain",8,9,2,2,6,3,FALSE,TRUE
686,3,"sheep",4,4,2,0,15,0,TRUE,FALSE
687,1,"ore_grain",10,10,0,4,6,3,FALSE,TRUE
687,2,"sheep",5,6,3,0,11,0,TRUE,FALSE
687,3,"balanced",6,8,0,3,6,0,FALSE,FALSE
688,1,"sheep",2,3,2,0,7,0,FALSE,FALSE
688,2,"balanced",5,5,5,0,7,0,FALSE,FALSE
688,3,"ore_grain",9,10,1,3,7,5,FALSE,TRUE
689,1,"ore_grain",2,3,2,0,11,0,FALSE,FALSE
689,2,"balanced",9,10,5,1,15,0,TRUE,FALSE
689,3,"sheep",4,4,4,0,11,0,FALSE,FALSE
690,1,"ore_grain",3,3,1,1,4,0,FALSE,FALSE
690,2,"sheep",2,3,2,0,5,0,FALSE,FALSE
690,3,"balanced",8,10,4,1,8,0,TRUE,FALSE
691,1,"ore_grain",6,7,0,3,6,1,FALSE,FALSE
691,2,"sheep",9,10,5,1,8,0,TRUE,FALSE
691,3,"balanced",5,6,3,1,8,0,FALSE,FALSE
692,1,"balanced",2,2,2,0,14,0,FALSE,FALSE
692,2,"sheep",7,8,1,3,8,0,FALSE,FALSE
692,3,"ore_grain",11,13,1,4,9,1,TRUE,FALSE
693,1,"balanced",6,7,2,2,9,0,FALSE,FALSE
693,2,"sheep",4,5,2,0,10,0,TRUE,FALSE
693,3,"ore_grain",9,11,1,3,5,3,FALSE,TRUE
694,1,"ore_grain",9,10,3,2,9,0,TRUE,FALSE
694,2,"balanced",4,4,4,0,10,0,FALSE,FALSE
694,3,"sheep",8,8,4,2,10,0,FALSE,FALSE
695,1,"sheep",2,2,2,0,9,0,FALSE,FALSE
695,2,"balanced",7,8,5,0,9,0,TRUE,FALSE
695,3,"ore_grain",10,10,2,3,10,4,FALSE,TRUE
696,1,"sheep",7,7,5,0,8,0,TRUE,FALSE
696,2,"ore_grain",6,8,0,3,6,1,FALSE,FALSE
696,3,"balanced",7,10,1,3,11,0,FALSE,FALSE
697,1,"balanced",5,6,1,2,7,0,FALSE,FALSE
697,2,"ore_grain",8,10,0,4,7,1,FALSE,FALSE
697,3,"sheep",6,6,4,0,7,0,TRUE,FALSE
698,1,"ore_grain",10,10,0,4,8,1,TRUE,FALSE
698,2,"balanced",6,6,4,1,8,0,FALSE,FALSE
698,3,"sheep",3,4,3,0,8,0,FALSE,FALSE
699,1,"sheep",2,2,2,0,4,0,FALSE,FALSE
699,2,"ore_grain",9,10,1,3,8,4,FALSE,TRUE
699,3,"balanced",4,5,4,0,7,0,FALSE,FALSE
700,1,"sheep",3,3,3,0,9,0,FALSE,FALSE
700,2,"balanced",8,10,0,3,6,0,TRUE,FALSE
700,3,"ore_grain",5,5,1,2,6,0,FALSE,FALSE
701,1,"ore_grain",3,4,1,1,8,0,FALSE,FALSE
701,2,"sheep",7,7,5,0,10,0,TRUE,FALSE
701,3,"balanced",8,10,4,2,9,0,FALSE,FALSE
702,1,"ore_grain",3,4,3,0,7,1,FALSE,FALSE
702,2,"sheep",3,4,3,0,6,0,FALSE,FALSE
702,3,"balanced",9,10,5,1,11,0,TRUE,FALSE
703,1,"ore_grain",8,11,0,3,7,3,FALSE,TRUE
703,2,"balanced",6,7,0,3,5,0,FALSE,FALSE
703,3,"sheep",7,8,5,0,12,0,TRUE,FALSE
704,1,"balanced",9,10,3,3,12,0,FALSE,FALSE
704,2,"sheep",6,7,4,0,9,0,TRUE,FALSE
704,3,"ore_grain",3,5,3,0,9,2,FALSE,FALSE
705,1,"ore_grain",11,12,1,3,8,4,TRUE,TRUE
705,2,"balanced",3,4,3,0,10,0,FALSE,FALSE
705,3,"sheep",4,5,4,0,11,0,FALSE,FALSE
706,1,"sheep",4,4,2,0,8,0,TRUE,FALSE
706,2,"balanced",4,4,4,0,9,0,FALSE,FALSE
706,3,"ore_grain",9,10,1,3,5,4,FALSE,TRUE
707,1,"sheep",4,6,2,0,15,0,TRUE,FALSE
707,2,"balanced",7,10,3,2,15,0,FALSE,FALSE
707,3,"ore_grain",8,8,0,4,9,1,FALSE,FALSE
708,1,"balanced",5,8,1,2,5,0,FALSE,FALSE
708,2,"ore_grain",10,11,4,1,8,6,TRUE,TRUE
708,3,"sheep",3,3,3,0,8,0,FALSE,FALSE
709,1,"ore_grain",3,4,3,0,7,0,FALSE,FALSE
709,2,"sheep",2,2,2,0,11,0,FALSE,FALSE
709,3,"balanced",10,10,2,3,15,0,TRUE,FALSE
710,1,"sheep",4,6,2,0,13,0,TRUE,FALSE
710,2,"balanced",6,7,4,1,15,0,FALSE,FALSE
710,3,"ore_grain",8,10,0,4,12,1,FALSE,FALSE
711,1,"balanced",2,4,2,0,4,0,FALSE,FALSE
711,2,"sheep",8,8,0,3,7,0,TRUE,FALSE
711,3,"ore_grain",9,10,1,4,10,2,FALSE,FALSE
712,1,"balanced",8,8,0,4,8,0,FALSE,FALSE
712,2,"ore_grain",6,10,2,1,6,3,FALSE,TRUE
712,3,"sheep",4,5,2,0,7,0,TRUE,FALSE
713,1,"ore_grain",8,8,0,4,8,1,FALSE,FALSE
713,2,"balanced",9,10,1,4,7,0,FALSE,FALSE
713,3,"sheep",7,9,5,0,8,0,TRUE,FALSE
714,1,"ore_grain",6,7,4,0,7,6,FALSE,TRUE
714,2,"sheep",8,10,0,4,9,0,FALSE,FALSE
714,3,"balanced",9,11,3,2,10,0,TRUE,FALSE
715,1,"ore_grain",7,10,1,2,9,3,FALSE,TRUE
715,2,"sheep",6,6,2,1,12,0,TRUE,FALSE
715,3,"balanced",3,4,1,1,6,0,FALSE,FALSE
716,1,"sheep",7,10,5,0,12,0,TRUE,FALSE
716,2,"balanced",5,7,5,0,12,0,FALSE,FALSE
716,3,"ore_grain",10,10,0,4,10,4,FALSE,TRUE
717,1,"balanced",8,9,0,4,9,0,FALSE,FALSE
717,2,"sheep",4,5,4,0,11,0,FALSE,FALSE
717,3,"ore_grain",10,10,0,4,9,0,TRUE,FALSE
718,1,"sheep",7,8,5,0,12,0,TRUE,FALSE
718,2,"balanced",8,10,2,3,7,0,FALSE,FALSE
718,3,"ore_grain",5,7,3,1,8,1,FALSE,FALSE
719,1,"balanced",9,10,5,1,14,0,TRUE,FALSE
719,2,"sheep",5,5,5,0,14,0,FALSE,FALSE
719,3,"ore_grain",8,9,2,2,13,5,FALSE,TRUE
720,1,"balanced",8,10,0,4,8,0,FALSE,FALSE
720,2,"ore_grain",8,8,0,4,8,1,FALSE,FALSE
720,3,"sheep",9,9,5,1,9,0,TRUE,FALSE
721,1,"sheep",7,7,5,0,8,0,TRUE,FALSE
721,2,"balanced",10,10,2,4,11,0,FALSE,FALSE
721,3,"ore_grain",7,7,1,3,7,0,FALSE,FALSE
722,1,"sheep",2,3,2,0,6,0,FALSE,FALSE
722,2,"balanced",4,5,4,0,10,0,FALSE,FALSE
722,3,"ore_grain",9,10,1,3,7,6,FALSE,TRUE
723,1,"ore_grain",9,10,1,4,6,1,FALSE,FALSE
723,2,"sheep",4,4,2,0,8,0,TRUE,FALSE
723,3,"balanced",2,4,2,0,4,0,FALSE,FALSE
724,1,"ore_grain",2,3,2,0,6,1,FALSE,FALSE
724,2,"sheep",3,3,3,0,5,0,FALSE,FALSE
724,3,"balanced",10,10,2,3,8,0,TRUE,FALSE
725,1,"sheep",2,2,2,0,4,0,FALSE,FALSE
725,2,"balanced",9,10,3,2,7,0,TRUE,FALSE
725,3,"ore_grain",4,6,2,1,10,1,FALSE,FALSE
726,1,"balanced",3,5,3,0,9,0,FALSE,FALSE
726,2,"ore_grain",9,10,3,1,13,5,TRUE,TRUE
726,3,"sheep",5,7,5,0,15,0,FALSE,FALSE
727,1,"sheep",9,10,3,2,10,0,TRUE,FALSE
727,2,"ore_grain",6,7,2,2,6,1,FALSE,FALSE
727,3,"balanced",7,8,3,2,14,0,FALSE,FALSE
728,1,"balanced",9,9,1,4,15,0,FALSE,FALSE
728,2,"sheep",7,8,5,0,8,0,TRUE,FALSE
728,3,"ore_grain",8,10,2,3,8,1,FALSE,FALSE
729,1,"sheep",2,3,2,0,6,0,FALSE,FALSE
729,2,"balanced",4,6,4,0,8,0,FALSE,FALSE
729,3,"ore_grain",9,11,1,2,9,3,TRUE,TRUE
730,1,"sheep",4,5,4,0,9,0,FALSE,FALSE
730,2,"ore_grain",5,7,1,2,6,2,FALSE,FALSE
730,3,"balanced",9,10,5,1,13,0,TRUE,FALSE
731,1,"balanced",3,6,3,0,3,0,FALSE,FALSE
731,2,"ore_grain",8,10,0,4,8,1,FALSE,FALSE
731,3,"sheep",4,4,2,0,13,0,TRUE,FALSE
732,1,"ore_grain",5,5,1,1,14,1,TRUE,FALSE
732,2,"sheep",2,4,2,0,10,0,FALSE,FALSE
732,3,"balanced",7,10,5,1,15,0,FALSE,FALSE
733,1,"ore_grain",6,6,4,0,5,3,FALSE,TRUE
733,2,"balanced",10,10,4,2,10,0,TRUE,FALSE
733,3,"sheep",3,3,3,0,14,0,FALSE,FALSE
734,1,"ore_grain",10,10,0,4,7,4,FALSE,TRUE
734,2,"sheep",3,4,3,0,5,0,FALSE,FALSE
734,3,"balanced",5,7,3,0,7,0,TRUE,FALSE
735,1,"sheep",5,5,5,0,8,0,FALSE,FALSE
735,2,"balanced",9,10,3,2,8,0,TRUE,FALSE
735,3,"ore_grain",6,6,2,2,7,0,FALSE,FALSE
736,1,"ore_grain",9,10,3,2,14,0,TRUE,FALSE
736,2,"balanced",5,7,5,0,10,0,FALSE,FALSE
736,3,"sheep",5,7,5,0,11,0,FALSE,FALSE
737,1,"ore_grain",5,7,1,2,7,2,FALSE,FALSE
737,2,"balanced",7,10,5,1,15,0,FALSE,FALSE
737,3,"sheep",7,7,5,0,15,0,TRUE,FALSE
738,1,"balanced",4,6,2,1,7,0,FALSE,FALSE
738,2,"sheep",9,10,5,1,10,0,TRUE,FALSE
738,3,"ore_grain",8,8,0,4,7,1,FALSE,FALSE
739,1,"sheep",4,4,4,0,7,0,FALSE,FALSE
739,2,"balanced",5,5,3,1,8,0,FALSE,FALSE
739,3,"ore_grain",11,11,3,2,8,3,TRUE,TRUE
740,1,"ore_grain",8,10,2,3,12,0,FALSE,FALSE
740,2,"sheep",7,9,5,0,11,0,TRUE,FALSE
740,3,"balanced",4,4,4,0,15,0,FALSE,FALSE
741,1,"sheep",3,3,3,0,6,0,FALSE,FALSE
741,2,"ore_grain",5,8,3,0,6,5,FALSE,TRUE
741,3,"balanced",9,10,3,2,7,0,TRUE,FALSE
742,1,"ore_grain",12,12,0,4,6,3,TRUE,TRUE
742,2,"sheep",5,5,5,0,9,0,FALSE,FALSE
742,3,"balanced",4,6,4,0,5,0,FALSE,FALSE
743,1,"balanced",3,3,3,0,7,0,FALSE,FALSE
743,2,"sheep",5,6,3,0,15,0,TRUE,FALSE
743,3,"ore_grain",9,10,1,3,8,3,FALSE,TRUE
744,1,"balanced",4,4,2,0,9,0,TRUE,FALSE
744,2,"sheep",4,4,4,0,9,0,FALSE,FALSE
744,3,"ore_grain",9,10,1,4,7,1,FALSE,FALSE
745,1,"ore_grain",9,10,3,3,9,1,FALSE,FALSE
745,2,"balanced",5,7,5,0,10,0,FALSE,FALSE
745,3,"sheep",5,6,3,0,15,0,TRUE,FALSE
746,1,"sheep",2,3,2,0,8,0,FALSE,FALSE
746,2,"balanced",5,7,5,0,10,0,FALSE,FALSE
746,3,"ore_grain",8,10,4,1,9,2,TRUE,FALSE
747,1,"balanced",7,10,1,3,5,0,FALSE,FALSE
747,2,"ore_grain",6,7,2,1,7,8,FALSE,TRUE
747,3,"sheep",4,5,2,0,15,0,TRUE,FALSE
748,1,"balanced",8,10,2,3,9,0,FALSE,FALSE
748,2,"sheep",6,7,4,0,8,0,TRUE,FALSE
748,3,"ore_grain",6,6,2,2,9,2,FALSE,FALSE
749,1,"ore_grain",3,5,1,1,7,2,FALSE,FALSE
749,2,"sheep",7,7,5,0,10,0,TRUE,FALSE
749,3,"balanced",7,10,5,1,13,0,FALSE,FALSE
750,1,"balanced",4,5,4,0,10,0,FALSE,FALSE
750,2,"ore_grain",9,10,1,3,7,3,FALSE,TRUE
750,3,"sheep",4,6,2,0,12,0,TRUE,FALSE
751,1,"balanced",8,9,0,4,9,0,FALSE,FALSE
751,2,"ore_grain",9,11,1,3,8,3,FALSE,TRUE
751,3,"sheep",4,4,2,0,9,0,TRUE,FALSE
752,1,"balanced",8,10,2,3,7,0,FALSE,FALSE
752,2,"sheep",5,5,3,0,12,0,TRUE,FALSE
752,3,"ore_grain",7,7,1,3,6,2,FALSE,FALSE
753,1,"sheep",3,4,3,0,9,0,FALSE,FALSE
753,2,"balanced",8,10,4,1,8,0,TRUE,FALSE
753,3,"ore_grain",5,6,1,2,4,2,FALSE,FALSE
754,1,"ore_grain",12,12,0,4,8,3,TRUE,TRUE
754,2,"sheep",3,4,3,0,8,0,FALSE,FALSE
754,3,"balanced",6,6,4,1,7,0,FALSE,FALSE
755,1,"sheep",8,10,2,2,11,0,TRUE,FALSE
755,2,"ore_grain",8,9,0,3,6,3,FALSE,TRUE
755,3,"balanced",7,9,5,1,11,0,FALSE,FALSE
756,1,"ore_grain",5,6,3,1,7,1,FALSE,FALSE
756,2,"balanced",7,10,1,3,5,0,FALSE,FALSE
756,3,"sheep",9,10,5,1,11,0,TRUE,FALSE
757,1,"ore_grain",10,10,4,2,7,5,FALSE,TRUE
757,2,"sheep",7,8,5,0,14,0,TRUE,FALSE
757,3,"balanced",4,4,4,0,15,0,FALSE,FALSE
758,1,"sheep",4,4,2,0,14,0,TRUE,FALSE
758,2,"ore_grain",7,10,1,3,8,0,FALSE,FALSE
758,3,"balanced",8,9,2,3,11,0,FALSE,FALSE
759,1,"sheep",2,3,2,0,8,0,FALSE,FALSE
759,2,"balanced",8,10,0,4,9,0,FALSE,FALSE
759,3,"ore_grain",9,10,1,3,13,0,TRUE,FALSE
760,1,"sheep",4,4,2,0,15,0,TRUE,FALSE
760,2,"ore_grain",7,10,3,1,9,3,FALSE,TRUE
760,3,"balanced",4,5,4,0,12,0,FALSE,FALSE
761,1,"ore_grain",9,10,1,3,7,5,FALSE,TRUE
761,2,"sheep",4,5,4,0,8,0,FALSE,FALSE
761,3,"balanced",4,5,2,1,5,0,FALSE,FALSE
762,1,"balanced",3,4,3,0,5,0,FALSE,FALSE
762,2,"sheep",7,7,5,0,8,0,TRUE,FALSE
762,3,"ore_grain",9,10,1,4,9,0,FALSE,FALSE
763,1,"sheep",3,3,3,0,8,0,FALSE,FALSE
763,2,"ore_grain",10,10,0,4,7,0,TRUE,FALSE
763,3,"balanced",5,7,1,2,7,0,FALSE,FALSE
764,1,"sheep",2,2,2,0,5,0,FALSE,FALSE
764,2,"ore_grain",9,10,1,4,8,0,FALSE,FALSE
764,3,"balanced",6,7,4,0,11,0,TRUE,FALSE
765,1,"sheep",7,7,5,0,11,0,TRUE,FALSE
765,2,"balanced",8,10,4,2,9,0,FALSE,FALSE
765,3,"ore_grain",8,9,0,4,8,1,FALSE,FALSE
766,1,"balanced",5,7,3,1,7,0,FALSE,FALSE
766,2,"sheep",4,5,2,0,10,0,TRUE,FALSE
766,3,"ore_grain",10,10,0,4,5,4,FALSE,TRUE
767,1,"ore_grain",7,7,3,1,8,4,FALSE,TRUE
767,2,"balanced",6,8,0,3,6,0,FALSE,FALSE
767,3,"sheep",10,10,4,2,13,0,TRUE,FALSE
768,1,"balanced",6,7,2,2,8,0,FALSE,FALSE
768,2,"ore_grain",11,11,1,4,8,0,TRUE,FALSE
768,3,"sheep",2,3,2,0,10,0,FALSE,FALSE
769,1,"sheep",4,4,4,0,7,0,FALSE,FALSE
769,2,"balanced",6,6,0,3,6,0,FALSE,FALSE
769,3,"ore_grain",9,10,1,3,13,0,TRUE,FALSE
770,1,"sheep",2,3,2,0,6,0,FALSE,FALSE
770,2,"ore_grain",8,10,2,3,9,1,FALSE,FALSE
770,3,"balanced",6,6,4,0,10,0,TRUE,FALSE
771,1,"balanced",5,6,1,2,10,0,FALSE,FALSE
771,2,"sheep",9,10,3,2,12,0,TRUE,FALSE
771,3,"ore_grain",5,6,3,1,15,0,FALSE,FALSE
772,1,"ore_grain",6,6,0,3,4,1,FALSE,FALSE
772,2,"balanced",8,10,4,1,11,0,TRUE,FALSE
772,3,"sheep",3,3,3,0,9,0,FALSE,FALSE
773,1,"balanced",7,9,1,3,8,0,FALSE,FALSE
773,2,"ore_grain",7,8,1,3,7,0,FALSE,FALSE
773,3,"sheep",8,10,4,1,10,0,TRUE,FALSE
774,1,"sheep",4,5,2,0,11,0,TRUE,FALSE
774,2,"balanced",8,10,2,3,11,0,FALSE,FALSE
774,3,"ore_grain",6,7,2,2,9,2,FALSE,FALSE
775,1,"balanced",10,10,2,4,8,0,FALSE,FALSE
775,2,"ore_grain",5,6,3,1,4,1,FALSE,FALSE
775,3,"sheep",5,5,1,2,7,0,FALSE,FALSE
776,1,"ore_grain",7,10,3,1,7,3,FALSE,TRUE
776,2,"sheep",2,2,2,0,7,0,FALSE,FALSE
776,3,"balanced",4,4,2,0,11,0,TRUE,FALSE
777,1,"balanced",5,5,5,0,6,0,FALSE,FALSE
777,2,"ore_grain",8,10,2,2,7,3,FALSE,TRUE
777,3,"sheep",6,6,4,0,11,0,TRUE,FALSE
778,1,"balanced",5,5,3,1,6,0,FALSE,FALSE
778,2,"ore_grain",8,10,2,2,10,4,FALSE,TRUE
778,3,"sheep",4,4,2,0,15,0,TRUE,FALSE
779,1,"ore_grain",6,7,2,1,15,1,TRUE,FALSE
779,2,"balanced",6,8,0,3,10,0,FALSE,FALSE
779,3,"sheep",9,10,3,3,11,0,FALSE,FALSE
780,1,"ore_grain",6,8,2,2,6,0,FALSE,FALSE
780,2,"sheep",7,7,5,0,11,0,TRUE,FALSE
780,3,"balanced",7,10,1,3,6,0,FALSE,FALSE
781,1,"ore_grain",9,10,1,3,9,5,FALSE,TRUE
781,2,"sheep",6,8,4,0,13,0,TRUE,FALSE
781,3,"balanced",5,5,3,1,8,0,FALSE,FALSE
782,1,"sheep",6,8,4,1,8,0,FALSE,FALSE
782,2,"ore_grain",3,5,1,1,9,1,FALSE,FALSE
782,3,"balanced",11,11,3,3,8,0,TRUE,FALSE
783,1,"ore_grain",7,7,3,1,8,3,FALSE,TRUE
783,2,"sheep",2,2,2,0,11,0,FALSE,FALSE
783,3,"balanced",9,10,5,1,12,0,TRUE,FALSE
784,1,"balanced",3,4,3,0,8,0,FALSE,FALSE
784,2,"ore_grain",10,10,2,3,11,4,FALSE,TRUE
784,3,"sheep",5,6,3,0,10,0,TRUE,FALSE
785,1,"ore_grain",8,10,0,3,8,3,FALSE,TRUE
785,2,"sheep",4,5,2,0,10,0,TRUE,FALSE
785,3,"balanced",6,7,0,3,11,0,FALSE,FALSE
786,1,"balanced",3,3,3,0,5,0,FALSE,FALSE
786,2,"ore_grain",8,10,2,2,7,3,FALSE,TRUE
786,3,"sheep",5,5,3,1,9,0,FALSE,FALSE
787,1,"ore_grain",5,6,3,0,4,4,FALSE,TRUE
787,2,"balanced",8,10,4,1,9,0,TRUE,FALSE
787,3,"sheep",3,4,3,0,7,0,FALSE,FALSE
788,1,"sheep",2,3,2,0,15,0,FALSE,FALSE
788,2,"ore_grain",10,10,4,1,8,3,TRUE,TRUE
788,3,"balanced",3,6,3,0,7,0,FALSE,FALSE
789,1,"ore_grain",10,10,0,4,8,3,FALSE,TRUE
789,2,"balanced",2,3,2,0,4,0,FALSE,FALSE
789,3,"sheep",2,5,2,0,3,0,FALSE,FALSE
790,1,"balanced",4,5,0,2,5,0,FALSE,FALSE
790,2,"sheep",9,9,5,1,10,0,TRUE,FALSE
790,3,"ore_grain",8,10,0,4,8,1,FALSE,FALSE
791,1,"sheep",4,5,2,1,6,0,FALSE,FALSE
791,2,"ore_grain",7,8,3,1,6,3,FALSE,TRUE
791,3,"balanced",9,10,3,2,10,0,TRUE,FALSE
792,1,"ore_grain",8,10,2,2,7,1,TRUE,FALSE
792,2,"balanced",6,9,2,2,11,0,FALSE,FALSE
792,3,"sheep",5,5,5,0,15,0,FALSE,FALSE
793,1,"sheep",5,6,5,0,9,0,FALSE,FALSE
793,2,"balanced",8,9,2,3,15,0,FALSE,FALSE
793,3,"ore_grain",8,10,2,1,9,5,TRUE,TRUE
794,1,"ore_grain",9,10,1,4,7,0,FALSE,FALSE
794,2,"sheep",6,6,4,0,9,0,TRUE,FALSE
794,3,"balanced",3,6,3,0,5,0,FALSE,FALSE
795,1,"balanced",3,3,3,0,5,0,FALSE,FALSE
795,2,"ore_grain",10,10,0,4,7,3,FALSE,TRUE
795,3,"sheep",7,9,5,0,13,0,TRUE,FALSE
796,1,"sheep",3,3,3,0,4,0,FALSE,FALSE
796,2,"ore_grain",10,11,2,3,9,1,TRUE,FALSE
796,3,"balanced",3,4,1,1,6,0,FALSE,FALSE
797,1,"balanced",6,8,0,3,5,0,FALSE,FALSE
797,2,"ore_grain",2,2,2,0,8,0,FALSE,FALSE
797,3,"sheep",9,10,5,1,11,0,TRUE,FALSE
798,1,"ore_grain",6,6,0,2,6,5,FALSE,TRUE
798,2,"sheep",3,3,3,0,10,0,FALSE,FALSE
798,3,"balanced",7,10,5,0,12,0,TRUE,FALSE
799,1,"ore_grain",9,10,1,4,9,2,FALSE,FALSE
799,2,"balanced",4,6,2,1,6,0,FALSE,FALSE
799,3,"sheep",4,4,2,0,13,0,TRUE,FALSE
800,1,"balanced",10,10,0,4,7,0,TRUE,FALSE
800,2,"ore_grain",4,7,0,2,5,1,FALSE,FALSE
800,3,"sheep",3,3,3,0,10,0,FALSE,FALSE
801,1,"ore_grain",6,6,2,2,9,0,FALSE,FALSE
801,2,"sheep",6,6,4,0,14,0,TRUE,FALSE
801,3,"balanced",9,10,1,4,13,0,FALSE,FALSE
802,1,"ore_grain",6,7,2,2,5,0,FALSE,FALSE
802,2,"sheep",5,5,5,0,13,0,FALSE,FALSE
802,3,"balanced",8,10,4,1,9,0,TRUE,FALSE
803,1,"balanced",3,3,1,1,7,0,FALSE,FALSE
803,2,"sheep",6,8,4,0,10,0,TRUE,FALSE
803,3,"ore_grain",10,11,0,4,6,3,FALSE,TRUE
804,1,"balanced",6,6,0,2,15,0,TRUE,FALSE
804,2,"sheep",3,4,3,0,14,0,FALSE,FALSE
804,3,"ore_grain",8,10,2,3,10,1,FALSE,FALSE
805,1,"balanced",6,7,2,2,7,0,FALSE,FALSE
805,2,"sheep",4,5,2,0,11,0,TRUE,FALSE
805,3,"ore_grain",10,10,0,4,6,3,FALSE,TRUE
806,1,"ore_grain",9,10,3,2,13,3,FALSE,TRUE
806,2,"balanced",6,7,4,0,11,0,TRUE,FALSE
806,3,"sheep",6,9,4,1,8,0,FALSE,FALSE
807,1,"balanced",3,4,3,0,7,0,FALSE,FALSE
807,2,"sheep",5,6,3,0,14,0,TRUE,FALSE
807,3,"ore_grain",8,10,0,4,8,2,FALSE,FALSE
808,1,"sheep",4,4,2,0,9,0,TRUE,FALSE
808,2,"ore_grain",7,9,1,2,4,6,FALSE,TRUE
808,3,"balanced",7,10,1,3,5,0,FALSE,FALSE
809,1,"sheep",4,5,2,0,7,0,TRUE,FALSE
809,2,"ore_grain",8,10,0,3,4,8,FALSE,TRUE
809,3,"balanced",4,4,4,0,9,0,FALSE,FALSE
810,1,"balanced",8,8,4,2,15,0,FALSE,FALSE
810,2,"ore_grain",11,11,1,4,8,3,FALSE,TRUE
810,3,"sheep",5,5,3,0,15,0,TRUE,FALSE
811,1,"balanced",6,7,2,2,8,0,FALSE,FALSE
811,2,"ore_grain",10,11,2,3,8,0,TRUE,FALSE
811,3,"sheep",4,6,4,0,15,0,FALSE,FALSE
812,1,"sheep",3,3,3,0,5,0,FALSE,FALSE
812,2,"ore_grain",5,6,3,1,6,1,FALSE,FALSE
812,3,"balanced",10,10,2,3,10,0,TRUE,FALSE
813,1,"balanced",9,10,1,4,9,0,FALSE,FALSE
813,2,"ore_grain",7,8,3,0,9,4,TRUE,TRUE
813,3,"sheep",3,5,3,0,8,0,FALSE,FALSE
814,1,"sheep",2,3,2,0,7,0,FALSE,FALSE
814,2,"ore_grain",4,7,4,0,7,1,FALSE,FALSE
814,3,"balanced",10,10,4,2,12,0,TRUE,FALSE
815,1,"sheep",6,7,4,0,11,0,TRUE,FALSE
815,2,"balanced",7,10,1,3,7,0,FALSE,FALSE
815,3,"ore_grain",7,8,3,1,8,4,FALSE,TRUE
816,1,"balanced",5,6,3,1,11,0,FALSE,FALSE
816,2,"sheep",9,10,5,2,11,0,FALSE,FALSE
816,3,"ore_grain",4,5,2,0,13,0,TRUE,FALSE
817,1,"ore_grain",10,10,0,4,12,2,TRUE,FALSE
817,2,"sheep",2,5,2,0,10,0,FALSE,FALSE
817,3,"balanced",5,6,5,0,8,0,FALSE,FALSE
818,1,"sheep",7,8,3,2,7,0,FALSE,FALSE
818,2,"balanced",2,2,2,0,5,0,FALSE,FALSE
818,3,"ore_grain",8,10,0,3,6,0,TRUE,FALSE
819,1,"ore_grain",7,11,1,2,7,8,FALSE,TRUE
819,2,"balanced",5,6,5,0,8,0,FALSE,FALSE
819,3,"sheep",6,6,4,0,10,0,TRUE,FALSE
820,1,"ore_grain",4,4,2,1,6,1,FALSE,FALSE
820,2,"balanced",4,5,4,0,8,0,FALSE,FALSE
820,3,"sheep",7,10,5,0,11,0,TRUE,FALSE
821,1,"ore_grain",5,7,3,1,9,0,FALSE,FALSE
821,2,"sheep",2,3,2,0,8,0,FALSE,FALSE
821,3,"balanced",8,10,2,2,8,0,TRUE,FALSE
822,1,"ore_grain",7,7,3,1,7,3,FALSE,TRUE
822,2,"balanced",8,8,2,3,9,0,FALSE,FALSE
822,3,"sheep",7,10,5,0,8,0,TRUE,FALSE
823,1,"sheep",10,10,4,2,9,0,TRUE,FALSE
823,2,"balanced",5,7,5,0,10,0,FALSE,FALSE
823,3,"ore_grain",8,8,2,2,6,3,FALSE,TRUE
824,1,"ore_grain",4,6,4,0,5,0,FALSE,FALSE
824,2,"sheep",7,10,5,0,10,0,TRUE,FALSE
824,3,"balanced",8,8,0,4,15,0,FALSE,FALSE
825,1,"sheep",3,4,3,0,8,0,FALSE,FALSE
825,2,"balanced",2,2,2,0,4,0,FALSE,FALSE
825,3,"ore_grain",10,10,0,4,8,0,TRUE,FALSE
826,1,"balanced",10,10,0,4,12,0,TRUE,FALSE
826,2,"ore_grain",3,4,3,0,11,1,FALSE,FALSE
826,3,"sheep",5,7,5,0,9,0,FALSE,FALSE
827,1,"ore_grain",8,9,2,2,8,7,FALSE,TRUE
827,2,"sheep",7,7,5,0,15,0,TRUE,FALSE
827,3,"balanced",6,10,4,1,10,0,FALSE,FALSE
828,1,"balanced",3,3,1,1,3,0,FALSE,FALSE
828,2,"sheep",7,7,3,1,9,0,TRUE,FALSE
828,3,"ore_grain",10,10,2,4,9,0,FALSE,FALSE
829,1,"sheep",3,3,3,0,13,0,FALSE,FALSE
829,2,"balanced",5,5,1,2,14,0,FALSE,FALSE
829,3,"ore_grain",9,10,1,3,12,2,TRUE,FALSE
830,1,"ore_grain",11,11,1,4,9,3,FALSE,TRUE
830,2,"sheep",4,7,2,1,7,0,FALSE,FALSE
830,3,"balanced",7,8,5,0,14,0,TRUE,FALSE
831,1,"ore_grain",6,7,0,3,7,0,FALSE,FALSE
831,2,"balanced",10,11,0,4,11,0,TRUE,FALSE
831,3,"sheep",4,4,4,0,7,0,FALSE,FALSE
832,1,"ore_grain",4,6,2,1,13,2,FALSE,FALSE
832,2,"balanced",9,10,1,3,8,0,TRUE,FALSE
832,3,"sheep",4,4,4,0,11,0,FALSE,FALSE
833,1,"sheep",8,9,4,1,8,0,TRUE,FALSE
833,2,"ore_grain",9,10,1,4,10,1,FALSE,FALSE
833,3,"balanced",7,8,3,2,8,0,FALSE,FALSE
834,1,"balanced",4,5,4,0,5,0,FALSE,FALSE
834,2,"sheep",3,3,1,1,4,0,FALSE,FALSE
834,3,"ore_grain",8,10,0,3,7,1,TRUE,FALSE
835,1,"sheep",6,6,4,0,15,0,TRUE,FALSE
835,2,"ore_grain",10,10,0,4,9,3,FALSE,TRUE
835,3,"balanced",6,9,4,1,8,0,FALSE,FALSE
836,1,"ore_grain",9,10,1,3,8,4,FALSE,TRUE
836,2,"balanced",5,7,5,0,9,0,FALSE,FALSE
836,3,"sheep",4,6,2,0,8,0,TRUE,FALSE
837,1,"balanced",9,10,1,4,8,0,FALSE,FALSE
837,2,"ore_grain",8,8,0,3,9,4,FALSE,TRUE
837,3,"sheep",7,7,5,0,12,0,TRUE,FALSE
838,1,"ore_grain",10,11,0,4,8,3,FALSE,TRUE
838,2,"balanced",7,8,3,1,15,0,TRUE,FALSE
838,3,"sheep",4,4,4,0,8,0,FALSE,FALSE
839,1,"sheep",4,6,2,1,5,0,FALSE,FALSE
839,2,"balanced",9,10,3,2,9,0,TRUE,FALSE
839,3,"ore_grain",7,9,1,3,5,0,FALSE,FALSE
840,1,"ore_grain",7,8,3,1,8,0,TRUE,FALSE
840,2,"balanced",3,4,3,0,6,0,FALSE,FALSE
840,3,"sheep",9,10,5,2,9,0,FALSE,FALSE
841,1,"ore_grain",7,7,3,1,9,0,TRUE,FALSE
841,2,"balanced",6,10,0,3,7,0,FALSE,FALSE
841,3,"sheep",8,8,4,2,10,0,FALSE,FALSE
842,1,"ore_grain",8,10,0,4,7,1,FALSE,FALSE
842,2,"sheep",5,5,3,0,14,0,TRUE,FALSE
842,3,"balanced",5,5,1,2,8,0,FALSE,FALSE
843,1,"balanced",8,8,4,1,10,0,TRUE,FALSE
843,2,"ore_grain",8,10,4,2,14,1,FALSE,FALSE
843,3,"sheep",4,7,4,0,5,0,FALSE,FALSE
844,1,"ore_grain",8,9,0,4,6,0,FALSE,FALSE
844,2,"balanced",7,9,5,0,11,0,TRUE,FALSE
844,3,"sheep",8,10,2,3,10,0,FALSE,FALSE
845,1,"ore_grain",8,10,0,3,4,3,FALSE,TRUE
845,2,"sheep",8,9,4,2,12,0,FALSE,FALSE
845,3,"balanced",7,9,5,0,11,0,TRUE,FALSE
846,1,"sheep",3,4,3,0,6,0,FALSE,FALSE
846,2,"balanced",9,10,3,2,9,0,TRUE,FALSE
846,3,"ore_grain",11,11,1,4,8,3,FALSE,TRUE
847,1,"ore_grain",3,3,3,0,5,0,FALSE,FALSE
847,2,"sheep",4,5,4,0,7,0,FALSE,FALSE
847,3,"balanced",9,11,5,1,12,0,TRUE,FALSE
848,1,"sheep",3,3,3,0,6,0,FALSE,FALSE
848,2,"ore_grain",8,10,0,4,7,0,FALSE,FALSE
848,3,"balanced",2,2,2,0,5,0,FALSE,FALSE
849,1,"balanced",4,6,0,2,5,0,FALSE,FALSE
849,2,"sheep",8,8,4,1,9,0,TRUE,FALSE
849,3,"ore_grain",9,10,1,3,6,4,FALSE,TRUE
850,1,"balanced",10,11,0,4,8,0,TRUE,FALSE
850,2,"sheep",7,7,5,1,10,0,FALSE,FALSE
850,3,"ore_grain",2,4,2,0,8,1,FALSE,FALSE
851,1,"balanced",7,10,5,1,8,0,FALSE,FALSE
851,2,"ore_grain",8,9,0,4,5,1,FALSE,FALSE
851,3,"sheep",4,4,2,0,13,0,TRUE,FALSE
852,1,"ore_grain",4,6,2,1,7,1,FALSE,FALSE
852,2,"sheep",2,2,2,0,8,0,FALSE,FALSE
852,3,"balanced",9,10,3,2,12,0,TRUE,FALSE
853,1,"balanced",9,10,5,1,13,0,TRUE,FALSE
853,2,"ore_grain",6,6,0,2,6,4,FALSE,TRUE
853,3,"sheep",5,7,5,0,7,0,FALSE,FALSE
854,1,"balanced",2,4,2,0,3,0,FALSE,FALSE
854,2,"ore_grain",6,7,2,2,6,2,FALSE,FALSE
854,3,"sheep",8,10,4,1,12,0,TRUE,FALSE
855,1,"balanced",9,10,3,3,8,0,FALSE,FALSE
855,2,"sheep",2,2,2,0,7,0,FALSE,FALSE
855,3,"ore_grain",8,8,0,3,9,1,TRUE,FALSE
856,1,"balanced",5,5,3,0,12,0,TRUE,FALSE
856,2,"ore_grain",9,10,1,3,6,4,FALSE,TRUE
856,3,"sheep",6,7,2,2,10,0,FALSE,FALSE
857,1,"ore_grain",6,6,4,0,15,2,TRUE,FALSE
857,2,"balanced",10,10,4,3,12,0,FALSE,FALSE
857,3,"sheep",2,4,2,0,10,0,FALSE,FALSE
858,1,"balanced",5,5,5,0,11,0,FALSE,FALSE
858,2,"ore_grain",6,7,2,1,7,3,FALSE,TRUE
858,3,"sheep",8,10,2,2,7,0,TRUE,FALSE
859,1,"ore_grain",6,6,0,3,11,0,FALSE,FALSE
859,2,"sheep",2,3,2,0,12,0,FALSE,FALSE
859,3,"balanced",10,10,4,2,13,0,TRUE,FALSE
860,1,"balanced",7,10,3,2,6,0,FALSE,FALSE
860,2,"ore_grain",5,5,1,2,6,1,FALSE,FALSE
860,3,"sheep",3,3,3,0,7,0,FALSE,FALSE
861,1,"balanced",8,8,0,4,8,0,FALSE,FALSE
861,2,"sheep",7,10,5,0,15,0,TRUE,FALSE
861,3,"ore_grain",3,3,3,0,15,0,FALSE,FALSE
862,1,"sheep",2,2,2,0,7,0,FALSE,FALSE
862,2,"ore_grain",7,10,5,0,14,0,TRUE,FALSE
862,3,"balanced",7,8,3,2,11,0,FALSE,FALSE
863,1,"ore_grain",8,8,0,4,7,0,FALSE,FALSE
863,2,"balanced",6,8,0,3,7,0,FALSE,FALSE
863,3,"sheep",7,10,5,0,8,0,TRUE,FALSE
864,1,"sheep",3,4,3,0,13,0,FALSE,FALSE
864,2,"ore_grain",4,4,0,2,8,2,FALSE,FALSE
864,3,"balanced",6,10,0,2,8,0,TRUE,FALSE
865,1,"sheep",2,2,2,0,7,0,FALSE,FALSE
865,2,"balanced",8,10,4,1,9,0,TRUE,FALSE
865,3,"ore_grain",8,8,0,4,7,0,FALSE,FALSE
866,1,"sheep",3,4,3,0,7,0,FALSE,FALSE
866,2,"balanced",6,6,0,3,6,0,FALSE,FALSE
866,3,"ore_grain",10,10,0,4,10,2,TRUE,FALSE
867,1,"sheep",2,2,2,0,13,0,FALSE,FALSE
867,2,"ore_grain",9,10,1,3,8,1,TRUE,FALSE
867,3,"balanced",2,4,2,0,8,0,FALSE,FALSE
868,1,"ore_grain",4,6,0,2,7,0,FALSE,FALSE
868,2,"balanced",8,11,2,3,8,0,FALSE,FALSE
868,3,"sheep",6,6,2,1,13,0,TRUE,FALSE
869,1,"ore_grain",4,4,2,0,6,1,TRUE,FALSE
869,2,"balanced",9,10,1,4,11,0,FALSE,FALSE
869,3,"sheep",2,4,2,0,8,0,FALSE,FALSE
870,1,"balanced",7,10,5,0,8,0,TRUE,FALSE
870,2,"sheep",8,8,4,2,11,0,FALSE,FALSE
870,3,"ore_grain",7,9,3,2,11,1,FALSE,FALSE
871,1,"balanced",8,10,4,2,15,0,FALSE,FALSE
871,2,"sheep",5,6,3,0,14,0,TRUE,FALSE
871,3,"ore_grain",3,3,3,0,11,0,FALSE,FALSE
872,1,"ore_grain",6,6,2,2,8,2,FALSE,FALSE
872,2,"balanced",9,10,3,2,11,0,TRUE,FALSE
872,3,"sheep",5,6,5,0,11,0,FALSE,FALSE
873,1,"ore_grain",5,5,1,2,10,2,FALSE,FALSE
873,2,"balanced",9,12,3,2,9,0,TRUE,FALSE
873,3,"sheep",5,7,5,0,13,0,FALSE,FALSE
874,1,"balanced",2,4,2,0,12,0,FALSE,FALSE
874,2,"ore_grain",6,7,0,3,6,1,FALSE,FALSE
874,3,"sheep",8,10,4,1,12,0,TRUE,FALSE
875,1,"ore_grain",9,9,1,4,7,1,FALSE,FALSE
875,2,"balanced",6,8,0,3,8,0,FALSE,FALSE
875,3,"sheep",7,10,5,0,7,0,TRUE,FALSE
876,1,"ore_grain",7,10,5,0,6,4,FALSE,TRUE
876,2,"balanced",4,5,0,2,7,0,FALSE,FALSE
876,3,"sheep",6,7,4,0,10,0,TRUE,FALSE
877,1,"balanced",2,2,2,0,10,0,FALSE,FALSE
877,2,"sheep",6,6,4,0,11,0,TRUE,FALSE
877,3,"ore_grain",10,10,2,4,8,1,FALSE,FALSE
878,1,"sheep",10,10,0,4,7,0,TRUE,FALSE
878,2,"balanced",4,8,0,2,4,0,FALSE,FALSE
878,3,"ore_grain",5,6,1,2,6,1,FALSE,FALSE
879,1,"sheep",4,4,4,0,7,0,FALSE,FALSE
879,2,"balanced",3,3,3,0,5,0,FALSE,FALSE
879,3,"ore_grain",10,11,2,2,6,4,TRUE,TRUE
880,1,"ore_grain",10,10,0,4,12,4,FALSE,TRUE
880,2,"balanced",5,9,5,0,13,0,FALSE,FALSE
880,3,"sheep",6,7,4,0,10,0,TRUE,FALSE
881,1,"ore_grain",3,4,3,0,6,0,FALSE,FALSE
881,2,"sheep",2,3,2,0,9,0,FALSE,FALSE
881,3,"balanced",11,11,3,3,12,0,TRUE,FALSE
882,1,"sheep",2,2,2,0,10,0,FALSE,FALSE
882,2,"balanced",9,10,1,3,12,0,TRUE,FALSE
882,3,"ore_grain",6,6,0,3,9,1,FALSE,FALSE
883,1,"balanced",8,8,4,1,10,0,TRUE,FALSE
883,2,"ore_grain",8,10,0,4,6,1,FALSE,FALSE
883,3,"sheep",4,6,0,2,5,0,FALSE,FALSE
884,1,"ore_grain",10,10,4,2,8,4,FALSE,TRUE
884,2,"sheep",8,9,4,1,15,0,TRUE,FALSE
884,3,"balanced",5,9,5,0,11,0,FALSE,FALSE
885,1,"balanced",5,7,5,0,10,0,FALSE,FALSE
885,2,"sheep",3,4,3,0,9,0,FALSE,FALSE
885,3,"ore_grain",10,10,2,3,14,1,TRUE,FALSE
886,1,"balanced",9,10,1,4,6,0,FALSE,FALSE
886,2,"ore_grain",5,6,3,0,7,5,FALSE,TRUE
886,3,"sheep",7,8,5,0,8,0,TRUE,FALSE
887,1,"balanced",4,4,4,0,15,0,FALSE,FALSE
887,2,"sheep",2,6,2,0,12,0,FALSE,FALSE
887,3,"ore_grain",10,10,0,4,9,1,TRUE,FALSE
888,1,"sheep",3,4,3,0,10,0,FALSE,FALSE
888,2,"ore_grain",4,5,4,0,8,1,FALSE,FALSE
888,3,"balanced",11,12,1,4,10,0,TRUE,FALSE
889,1,"balanced",7,9,5,1,13,0,FALSE,FALSE
889,2,"ore_grain",7,7,1,3,9,2,FALSE,FALSE
889,3,"sheep",8,10,4,1,13,0,TRUE,FALSE
890,1,"ore_grain",10,10,4,1,8,5,TRUE,TRUE
890,2,"balanced",3,3,1,1,5,0,FALSE,FALSE
890,3,"sheep",5,7,3,1,7,0,FALSE,FALSE
891,1,"sheep",4,4,4,0,5,0,FALSE,FALSE
891,2,"balanced",8,10,2,3,8,0,FALSE,FALSE
891,3,"ore_grain",8,9,0,3,6,0,TRUE,FALSE
892,1,"balanced",9,11,1,4,7,0,FALSE,FALSE
892,2,"sheep",4,5,2,0,9,0,TRUE,FALSE
892,3,"ore_grain",6,8,0,3,6,1,FALSE,FALSE
893,1,"balanced",7,9,5,1,11,0,FALSE,FALSE
893,2,"ore_grain",4,4,2,0,10,5,FALSE,TRUE
893,3,"sheep",7,10,5,0,10,0,TRUE,FALSE
894,1,"sheep",6,7,4,0,10,0,TRUE,FALSE
894,2,"balanced",5,5,5,0,9,0,FALSE,FALSE
894,3,"ore_grain",9,10,1,3,11,3,FALSE,TRUE
895,1,"sheep",9,10,3,2,8,0,TRUE,FALSE
895,2,"ore_grain",9,9,1,4,7,0,FALSE,FALSE
895,3,"balanced",4,4,4,0,15,0,FALSE,FALSE
896,1,"ore_grain",6,9,0,3,8,1,FALSE,FALSE
896,2,"balanced",9,10,3,3,12,0,FALSE,FALSE
896,3,"sheep",6,6,0,2,15,0,TRUE,FALSE
897,1,"ore_grain",4,4,2,1,4,1,FALSE,FALSE
897,2,"sheep",4,5,2,0,8,0,TRUE,FALSE
897,3,"balanced",8,10,0,4,7,0,FALSE,FALSE
898,1,"ore_grain",4,7,0,2,6,0,FALSE,FALSE
898,2,"sheep",4,4,4,0,14,0,FALSE,FALSE
898,3,"balanced",9,10,5,1,13,0,TRUE,FALSE
899,1,"sheep",3,4,3,0,11,0,FALSE,FALSE
899,2,"ore_grain",6,7,0,3,12,0,FALSE,FALSE
899,3,"balanced",8,10,4,1,14,0,TRUE,FALSE
900,1,"balanced",8,9,0,4,10,0,FALSE,FALSE
900,2,"sheep",4,6,2,0,10,0,TRUE,FALSE
900,3,"ore_grain",9,10,1,3,7,5,FALSE,TRUE
901,1,"ore_grain",6,6,0,3,9,1,FALSE,FALSE
901,2,"sheep",8,10,4,1,10,0,TRUE,FALSE
901,3,"balanced",6,7,0,3,7,0,FALSE,FALSE
902,1,"ore_grain",2,3,2,0,11,1,FALSE,FALSE
902,2,"balanced",8,10,2,3,11,0,FALSE,FALSE
902,3,"sheep",4,4,2,0,14,0,TRUE,FALSE
903,1,"balanced",5,6,1,2,6,0,FALSE,FALSE
903,2,"sheep",3,3,3,0,5,0,FALSE,FALSE
903,3,"ore_grain",6,10,0,3,4,0,FALSE,FALSE
904,1,"ore_grain",9,10,1,3,6,5,FALSE,TRUE
904,2,"balanced",2,2,2,0,9,0,FALSE,FALSE
904,3,"sheep",7,9,5,0,8,0,TRUE,FALSE
905,1,"ore_grain",7,10,1,2,6,4,FALSE,TRUE
905,2,"sheep",3,4,3,0,15,0,FALSE,FALSE
905,3,"balanced",5,5,3,0,13,0,TRUE,FALSE
906,1,"balanced",10,10,2,4,11,0,FALSE,FALSE
906,2,"sheep",4,4,2,0,10,0,TRUE,FALSE
906,3,"ore_grain",4,4,2,1,10,1,FALSE,FALSE
907,1,"ore_grain",5,5,3,0,11,1,TRUE,FALSE
907,2,"sheep",5,5,5,0,13,0,FALSE,FALSE
907,3,"balanced",9,10,5,2,14,0,FALSE,FALSE
908,1,"balanced",7,8,1,3,4,0,FALSE,FALSE
908,2,"ore_grain",9,10,3,2,12,3,FALSE,TRUE
908,3,"sheep",5,6,5,0,8,0,FALSE,FALSE
909,1,"sheep",10,10,4,2,12,0,TRUE,FALSE
909,2,"ore_grain",2,4,2,0,5,0,FALSE,FALSE
909,3,"balanced",9,9,1,4,13,0,FALSE,FALSE
910,1,"ore_grain",5,6,1,2,8,2,FALSE,FALSE
910,2,"sheep",3,3,3,0,9,0,FALSE,FALSE
910,3,"balanced",8,10,4,1,13,0,TRUE,FALSE
911,1,"ore_grain",3,3,3,0,7,0,FALSE,FALSE
911,2,"sheep",2,2,2,0,9,0,FALSE,FALSE
911,3,"balanced",9,10,5,1,14,0,TRUE,FALSE
912,1,"ore_grain",8,8,0,4,8,1,FALSE,FALSE
912,2,"balanced",7,10,1,3,10,0,FALSE,FALSE
912,3,"sheep",6,7,4,0,7,0,TRUE,FALSE
913,1,"balanced",8,10,4,2,8,0,FALSE,FALSE
913,2,"sheep",4,4,2,0,10,0,TRUE,FALSE
913,3,"ore_grain",5,5,1,2,7,1,FALSE,FALSE
914,1,"sheep",5,7,5,0,7,0,FALSE,FALSE
914,2,"balanced",7,9,5,0,12,0,TRUE,FALSE
914,3,"ore_grain",9,10,1,3,9,5,FALSE,TRUE
915,1,"sheep",2,2,2,0,9,0,FALSE,FALSE
915,2,"balanced",9,9,5,1,13,0,TRUE,FALSE
915,3,"ore_grain",7,10,5,0,8,7,FALSE,TRUE
916,1,"ore_grain",9,10,1,4,12,1,FALSE,FALSE
916,2,"balanced",9,9,5,1,15,0,TRUE,FALSE
916,3,"sheep",5,6,5,0,12,0,FALSE,FALSE
917,1,"ore_grain",10,10,2,3,8,4,FALSE,TRUE
917,2,"balanced",3,7,3,0,7,0,FALSE,FALSE
917,3,"sheep",5,5,3,0,8,0,TRUE,FALSE
918,1,"sheep",6,6,4,1,12,0,FALSE,FALSE
918,2,"ore_grain",9,10,1,3,9,0,TRUE,FALSE
918,3,"balanced",7,7,1,3,10,0,FALSE,FALSE
919,1,"ore_grain",4,5,4,0,7,2,FALSE,FALSE
919,2,"balanced",8,10,2,3,6,0,FALSE,FALSE
919,3,"sheep",4,4,2,0,9,0,TRUE,FALSE
920,1,"balanced",8,10,0,4,9,0,FALSE,FALSE
920,2,"ore_grain",6,8,2,1,9,3,FALSE,TRUE
920,3,"sheep",5,6,3,0,14,0,TRUE,FALSE
921,1,"ore_grain",8,9,2,2,8,1,TRUE,FALSE
921,2,"sheep",2,4,2,0,9,0,FALSE,FALSE
921,3,"balanced",9,10,1,4,8,0,FALSE,FALSE
922,1,"sheep",5,6,3,0,12,0,TRUE,FALSE
922,2,"ore_grain",9,10,1,4,7,2,FALSE,FALSE
922,3,"balanced",5,7,5,0,11,0,FALSE,FALSE
923,1,"ore_grain",5,6,3,1,6,1,FALSE,FALSE
923,2,"sheep",7,7,5,0,15,0,TRUE,FALSE
923,3,"balanced",7,10,3,2,7,0,FALSE,FALSE
924,1,"balanced",5,6,3,1,8,0,FALSE,FALSE
924,2,"sheep",5,6,3,0,14,0,TRUE,FALSE
924,3,"ore_grain",7,10,1,3,7,1,FALSE,FALSE
925,1,"balanced",6,9,4,1,11,0,FALSE,FALSE
925,2,"ore_grain",9,10,1,3,9,5,FALSE,TRUE
925,3,"sheep",9,9,3,2,15,0,TRUE,FALSE
926,1,"ore_grain",10,10,2,3,12,1,TRUE,FALSE
926,2,"balanced",3,3,1,1,12,0,FALSE,FALSE
926,3,"sheep",4,4,4,0,10,0,FALSE,FALSE
927,1,"ore_grain",8,9,0,3,8,5,FALSE,TRUE
927,2,"sheep",6,6,2,2,10,0,FALSE,FALSE
927,3,"balanced",8,11,0,4,6,0,FALSE,FALSE
928,1,"sheep",5,7,3,1,14,0,FALSE,FALSE
928,2,"ore_grain",9,9,1,4,10,0,FALSE,FALSE
928,3,"balanced",9,10,3,2,15,0,TRUE,FALSE
929,1,"ore_grain",3,3,3,0,8,1,FALSE,FALSE
929,2,"balanced",8,10,4,1,8,0,TRUE,FALSE
929,3,"sheep",2,3,2,0,7,0,FALSE,FALSE
930,1,"balanced",7,8,5,1,10,0,FALSE,FALSE
930,2,"ore_grain",9,10,1,4,10,1,FALSE,FALSE
930,3,"sheep",8,9,2,2,13,0,TRUE,FALSE
931,1,"sheep",7,7,5,0,12,0,TRUE,FALSE
931,2,"ore_grain",5,8,1,1,8,6,FALSE,TRUE
931,3,"balanced",8,10,4,2,11,0,FALSE,FALSE
932,1,"sheep",6,6,4,0,6,0,TRUE,FALSE
932,2,"balanced",3,5,3,0,6,0,FALSE,FALSE
932,3,"ore_grain",7,10,1,2,5,3,FALSE,TRUE
933,1,"balanced",9,11,3,2,10,0,TRUE,FALSE
933,2,"ore_grain",7,7,1,2,7,5,FALSE,TRUE
933,3,"sheep",4,5,4,0,15,0,FALSE,FALSE
934,1,"balanced",10,10,4,2,11,0,TRUE,FALSE
934,2,"sheep",2,3,2,0,8,0,FALSE,FALSE
934,3,"ore_grain",2,2,2,0,11,0,FALSE,FALSE
935,1,"ore_grain",10,10,2,3,7,1,TRUE,FALSE
935,2,"sheep",5,5,5,0,9,0,FALSE,FALSE
935,3,"balanced",5,8,3,1,7,0,FALSE,FALSE
936,1,"ore_grain",6,8,0,2,5,3,FALSE,TRUE
936,2,"sheep",4,5,2,0,15,0,TRUE,FALSE
936,3,"balanced",8,10,0,4,15,0,FALSE,FALSE
937,1,"balanced",8,10,4,1,10,0,TRUE,FALSE
937,2,"ore_grain",7,9,3,1,6,4,FALSE,TRUE
937,3,"sheep",7,8,3,2,9,0,FALSE,FALSE
938,1,"ore_grain",10,10,0,4,11,2,TRUE,FALSE
938,2,"sheep",9,9,3,3,9,0,FALSE,FALSE
938,3,"balanced",2,3,2,0,6,0,FALSE,FALSE
939,1,"balanced",3,5,3,0,4,0,FALSE,FALSE
939,2,"sheep",9,10,5,1,9,0,TRUE,FALSE
939,3,"ore_grain",4,5,0,2,6,1,FALSE,FALSE
940,1,"sheep",3,3,3,0,12,0,FALSE,FALSE
940,2,"balanced",8,10,0,3,6,0,TRUE,FALSE
940,3,"ore_grain",6,7,0,2,5,3,FALSE,TRUE
941,1,"balanced",3,4,3,0,13,0,FALSE,FALSE
941,2,"ore_grain",10,11,4,1,9,4,TRUE,TRUE
941,3,"sheep",5,8,5,0,9,0,FALSE,FALSE
942,1,"ore_grain",9,10,1,4,7,0,FALSE,FALSE
942,2,"balanced",3,4,3,0,6,0,FALSE,FALSE
942,3,"sheep",6,8,2,1,9,0,TRUE,FALSE
943,1,"sheep",7,10,5,0,8,0,TRUE,FALSE
943,2,"balanced",7,7,1,3,7,0,FALSE,FALSE
943,3,"ore_grain",10,10,0,4,6,3,FALSE,TRUE
944,1,"ore_grain",7,7,1,3,8,1,FALSE,FALSE
944,2,"balanced",3,5,3,0,7,0,FALSE,FALSE
944,3,"sheep",7,10,5,0,11,0,TRUE,FALSE
945,1,"ore_grain",9,10,1,4,10,1,FALSE,FALSE
945,2,"balanced",5,5,1,2,6,0,FALSE,FALSE
945,3,"sheep",7,7,5,0,15,0,TRUE,FALSE
946,1,"balanced",5,7,5,0,14,0,FALSE,FALSE
946,2,"sheep",6,7,2,2,9,0,FALSE,FALSE
946,3,"ore_grain",9,10,1,4,13,1,FALSE,FALSE
947,1,"sheep",2,2,2,0,6,0,FALSE,FALSE
947,2,"balanced",7,10,5,0,11,0,TRUE,FALSE
947,3,"ore_grain",6,6,2,1,11,5,FALSE,TRUE
948,1,"balanced",9,10,3,2,12,0,TRUE,FALSE
948,2,"sheep",3,3,3,0,9,0,FALSE,FALSE
948,3,"ore_grain",8,9,4,1,10,3,FALSE,TRUE
949,1,"ore_grain",10,10,0,4,7,0,TRUE,FALSE
949,2,"balanced",5,7,5,0,9,0,FALSE,FALSE
949,3,"sheep",7,8,3,2,11,0,FALSE,FALSE
950,1,"sheep",4,6,0,2,5,0,FALSE,FALSE
950,2,"balanced",9,10,3,2,10,0,TRUE,FALSE
950,3,"ore_grain",8,9,0,4,7,2,FALSE,FALSE
951,1,"ore_grain",6,6,2,2,7,2,FALSE,FALSE
951,2,"sheep",7,8,3,1,10,0,TRUE,FALSE
951,3,"balanced",9,10,3,3,9,0,FALSE,FALSE
952,1,"balanced",5,5,3,1,7,0,FALSE,FALSE
952,2,"ore_grain",7,7,1,3,5,1,FALSE,FALSE
952,3,"sheep",9,10,3,2,11,0,TRUE,FALSE
953,1,"sheep",4,4,4,0,7,0,FALSE,FALSE
953,2,"ore_grain",9,10,1,4,10,2,FALSE,FALSE
953,3,"balanced",7,7,3,1,11,0,TRUE,FALSE
954,1,"ore_grain",6,6,0,3,7,0,FALSE,FALSE
954,2,"balanced",9,11,3,2,8,0,TRUE,FALSE
954,3,"sheep",2,3,2,0,12,0,FALSE,FALSE
955,1,"balanced",8,10,4,1,8,0,TRUE,FALSE
955,2,"ore_grain",3,4,3,0,13,1,FALSE,FALSE
955,3,"sheep",6,8,4,1,9,0,FALSE,FALSE
956,1,"balanced",5,6,5,0,11,0,FALSE,FALSE
956,2,"ore_grain",10,11,0,4,8,3,FALSE,TRUE
956,3,"sheep",8,9,4,1,12,0,TRUE,FALSE
957,1,"sheep",3,3,3,0,8,0,FALSE,FALSE
957,2,"balanced",3,7,1,1,4,0,FALSE,FALSE
957,3,"ore_grain",9,10,5,1,10,0,TRUE,FALSE
958,1,"ore_grain",9,10,3,1,8,3,TRUE,TRUE
958,2,"balanced",3,3,3,0,5,0,FALSE,FALSE
958,3,"sheep",3,4,3,0,6,0,FALSE,FALSE
959,1,"ore_grain",4,5,0,2,5,2,FALSE,FALSE
959,2,"balanced",7,10,5,1,9,0,FALSE,FALSE
959,3,"sheep",7,7,5,0,12,0,TRUE,FALSE
960,1,"ore_grain",8,10,2,2,8,3,FALSE,TRUE
960,2,"sheep",4,4,2,0,15,0,TRUE,FALSE
960,3,"balanced",3,3,1,1,13,0,FALSE,FALSE
961,1,"sheep",6,6,4,0,10,0,TRUE,FALSE
961,2,"balanced",9,10,5,2,12,0,FALSE,FALSE
961,3,"ore_grain",3,6,3,0,7,0,FALSE,FALSE
962,1,"sheep",3,3,1,1,9,0,FALSE,FALSE
962,2,"balanced",7,10,5,0,9,0,TRUE,FALSE
962,3,"ore_grain",8,8,0,3,10,3,FALSE,TRUE
963,1,"sheep",3,5,3,0,8,0,FALSE,FALSE
963,2,"balanced",5,6,5,0,7,0,FALSE,FALSE
963,3,"ore_grain",10,10,0,4,11,1,TRUE,FALSE
964,1,"balanced",9,10,3,3,15,0,FALSE,FALSE
964,2,"ore_grain",8,9,0,3,6,4,FALSE,TRUE
964,3,"sheep",7,9,5,0,15,0,TRUE,FALSE
965,1,"balanced",4,4,0,2,10,0,FALSE,FALSE
965,2,"ore_grain",8,10,0,4,7,0,FALSE,FALSE
965,3,"sheep",5,6,3,0,12,0,TRUE,FALSE
966,1,"sheep",2,3,2,0,6,0,FALSE,FALSE
966,2,"balanced",3,3,1,1,7,0,FALSE,FALSE
966,3,"ore_grain",9,10,3,1,6,4,TRUE,TRUE
967,1,"sheep",4,5,4,0,15,0,FALSE,FALSE
967,2,"balanced",11,11,5,2,15,0,TRUE,FALSE
967,3,"ore_grain",8,9,0,4,9,1,FALSE,FALSE
968,1,"ore_grain",8,10,0,4,15,0,FALSE,FALSE
968,2,"sheep",5,6,3,0,13,0,TRUE,FALSE
968,3,"balanced",5,7,5,0,15,0,FALSE,FALSE
969,1,"balanced",10,10,2,4,14,0,FALSE,FALSE
969,2,"ore_grain",6,6,2,2,7,1,FALSE,FALSE
969,3,"sheep",6,6,4,0,15,0,TRUE,FALSE
970,1,"sheep",3,3,3,0,13,0,FALSE,FALSE
970,2,"balanced",7,7,5,0,10,0,TRUE,FALSE
970,3,"ore_grain",10,10,2,3,7,4,FALSE,TRUE
971,1,"sheep",10,10,2,3,7,0,TRUE,FALSE
971,2,"balanced",5,6,5,0,8,0,FALSE,FALSE
971,3,"ore_grain",4,4,4,0,8,0,FALSE,FALSE
972,1,"sheep",5,6,5,0,6,0,FALSE,FALSE
972,2,"balanced",9,10,1,3,7,0,TRUE,FALSE
972,3,"ore_grain",6,6,0,3,9,2,FALSE,FALSE
973,1,"balanced",9,10,5,1,14,0,TRUE,FALSE
973,2,"sheep",2,3,2,0,10,0,FALSE,FALSE
973,3,"ore_grain",5,7,5,0,11,0,FALSE,FALSE
974,1,"sheep",4,4,4,0,7,0,FALSE,FALSE
974,2,"ore_grain",8,11,0,3,6,0,TRUE,FALSE
974,3,"balanced",3,4,1,1,7,0,FALSE,FALSE
975,1,"balanced",9,10,3,2,13,0,TRUE,FALSE
975,2,"sheep",2,2,2,0,12,0,FALSE,FALSE
975,3,"ore_grain",4,6,2,1,6,0,FALSE,FALSE
976,1,"balanced",5,6,1,2,4,0,FALSE,FALSE
976,2,"sheep",5,5,3,0,11,0,TRUE,FALSE
976,3,"ore_grain",8,10,0,4,11,1,FALSE,FALSE
977,1,"balanced",2,2,2,0,6,0,FALSE,FALSE
977,2,"ore_grain",6,6,2,2,8,1,FALSE,FALSE
977,3,"sheep",10,11,2,3,10,0,TRUE,FALSE
978,1,"balanced",8,10,0,4,6,0,FALSE,FALSE
978,2,"sheep",9,9,5,1,12,0,TRUE,FALSE
978,3,"ore_grain",5,8,1,2,4,0,FALSE,FALSE
979,1,"balanced",11,11,1,4,9,0,TRUE,FALSE
979,2,"ore_grain",6,6,2,1,3,3,FALSE,TRUE
979,3,"sheep",6,7,4,1,12,0,FALSE,FALSE
980,1,"sheep",5,5,5,0,8,0,FALSE,FALSE
980,2,"ore_grain",8,10,4,1,11,10,FALSE,TRUE
980,3,"balanced",6,7,4,0,12,0,TRUE,FALSE
981,1,"sheep",5,6,5,0,6,0,FALSE,FALSE
981,2,"ore_grain",8,10,0,3,9,2,TRUE,FALSE
981,3,"balanced",3,3,3,0,12,0,FALSE,FALSE
982,1,"ore_grain",9,10,1,4,11,2,FALSE,FALSE
982,2,"sheep",5,6,5,0,13,0,FALSE,FALSE
982,3,"balanced",6,7,2,1,11,0,TRUE,FALSE
983,1,"sheep",5,7,5,0,9,0,FALSE,FALSE
983,2,"balanced",5,6,3,0,12,0,TRUE,FALSE
983,3,"ore_grain",8,10,2,3,9,1,FALSE,FALSE
984,1,"sheep",2,2,2,0,7,0,FALSE,FALSE
984,2,"balanced",8,10,2,2,8,0,TRUE,FALSE
984,3,"ore_grain",3,3,3,0,5,1,FALSE,FALSE
985,1,"ore_grain",10,10,0,4,4,5,FALSE,TRUE
985,2,"sheep",4,5,4,0,9,0,FALSE,FALSE
985,3,"balanced",7,7,5,0,12,0,TRUE,FALSE
986,1,"sheep",2,2,2,0,3,0,FALSE,FALSE
986,2,"balanced",7,8,5,0,11,0,TRUE,FALSE
986,3,"ore_grain",8,10,0,4,6,1,FALSE,FALSE
987,1,"sheep",6,6,4,0,8,0,TRUE,FALSE
987,2,"balanced",4,5,0,2,4,0,FALSE,FALSE
987,3,"ore_grain",9,10,1,4,7,0,FALSE,FALSE
988,1,"ore_grain",7,10,5,0,10,3,FALSE,TRUE
988,2,"balanced",8,10,4,2,15,0,FALSE,FALSE
988,3,"sheep",6,6,4,0,13,0,TRUE,FALSE
989,1,"ore_grain",3,3,3,0,5,1,FALSE,FALSE
989,2,"sheep",3,5,3,0,8,0,FALSE,FALSE
989,3,"balanced",9,10,3,2,12,0,TRUE,FALSE
990,1,"ore_grain",2,2,2,0,5,0,FALSE,FALSE
990,2,"sheep",6,6,4,0,15,0,TRUE,FALSE
990,3,"balanced",8,10,4,2,12,0,FALSE,FALSE
991,1,"balanced",3,4,3,0,6,0,FALSE,FALSE
991,2,"sheep",5,6,3,0,15,0,TRUE,FALSE
991,3,"ore_grain",10,10,2,3,8,3,FALSE,TRUE
992,1,"ore_grain",3,3,1,1,6,0,FALSE,FALSE
992,2,"sheep",2,4,2,0,9,0,FALSE,FALSE
992,3,"balanced",9,10,3,2,10,0,TRUE,FALSE
993,1,"sheep",4,5,2,0,14,0,TRUE,FALSE
993,2,"ore_grain",8,10,2,2,10,4,FALSE,TRUE
993,3,"balanced",5,5,1,2,5,0,FALSE,FALSE
994,1,"sheep",5,7,5,0,10,0,FALSE,FALSE
994,2,"ore_grain",8,10,0,4,7,0,FALSE,FALSE
994,3,"balanced",6,7,4,0,8,0,TRUE,FALSE
995,1,"sheep",4,4,2,0,8,0,TRUE,FALSE
995,2,"balanced",6,10,4,1,6,0,FALSE,FALSE
995,3,"ore_grain",6,6,2,2,8,2,FALSE,FALSE
996,1,"balanced",7,7,5,1,10,0,FALSE,FALSE
996,2,"sheep",4,5,4,0,5,0,FALSE,FALSE
996,3,"ore_grain",8,10,4,1,12,0,TRUE,FALSE
997,1,"balanced",5,5,1,2,5,0,FALSE,FALSE
997,2,"ore_grain",7,9,1,2,6,4,FALSE,TRUE
997,3,"sheep",8,10,4,1,11,0,TRUE,FALSE
998,1,"balanced",9,10,3,3,15,0,FALSE,FALSE
998,2,"ore_grain",2,3,2,0,7,1,FALSE,FALSE
998,3,"sheep",4,4,2,0,13,0,TRUE,FALSE
999,1,"sheep",6,10,0,3,6,0,FALSE,FALSE
999,2,"balanced",6,6,0,3,5,0,FALSE,FALSE
999,3,"ore_grain",8,9,2,2,8,1,TRUE,FALSE
1000,1,"balanced",3,7,3,0,5,0,FALSE,FALSE
1000,2,"ore_grain",10,10,0,4,10,3,FALSE,TRUE
1000,3,"sheep",5,6,1,1,10,0,TRUE,FALSE
